Région,District,Aire de santé,Population 2023 estimée (Les deux sexes),LiveBirths (Naissance vivante),0-11 mois,Femmes enceintes attendues,FAP (15-49 ans),enfants 0-59 mois,enfants 12-23 mois,enfants 12-59 mois,Adolescents 10-14 ans Féminin,15-19 ans Féminin,50 ans et plus Masculin,50 ans et plus Féminin
ADAMAOUA,BANKIM,Atta,17718,721,675,734,4414,3004,615,2329,1114,1058,711,743
ADAMAOUA,BANKIM,Bandam,10874,443,414,451,2709,1843,377,1429,684,649,436,456
ADAMAOUA,BANKIM,Bankim Rural,10834,441,413,449,2699,1837,376,1424,681,647,434,454
ADAMAOUA,BANKIM,Bankim Urbain,23791,968,906,986,5927,4033,826,3127,1496,1421,954,997
ADAMAOUA,BANKIM,Nyamboya,16442,669,626,681,4096,2787,571,2161,1034,982,659,689
ADAMAOUA,BANKIM,Somie,13949,568,531,578,3475,2365,484,1833,877,833,559,585
ADAMAOUA,BANKIM,Songkolong,31436,1280,1197,1303,7831,5329,1091,4132,1977,1877,1261,1317
ADAMAOUA,BANYO,Allat,17644,718,672,731,4396,2991,612,2319,1110,1054,708,739
ADAMAOUA,BANYO,Banyo 1 Fada,29016,1181,1105,1202,7229,4919,1007,3814,1825,1733,1164,1216
ADAMAOUA,BANYO,Banyo 2 Tiket,39229,1597,1494,1625,9773,6650,1362,5156,2467,2343,1573,1644
ADAMAOUA,BANYO,Mayo Darle,35259,1435,1343,1461,8784,5977,1224,4634,2218,2106,1414,1478
ADAMAOUA,BANYO,Mbamti Katarko,13341,543,508,553,3324,2262,463,1753,839,797,535,559
ADAMAOUA,BANYO,Ndi Wawa,16783,683,639,695,4181,2845,583,2206,1056,1002,673,703
ADAMAOUA,BANYO,Sambo Labo,21185,862,807,878,5278,3591,735,2785,1333,1265,850,888
ADAMAOUA,BELEL,Bayara,11863,483,452,492,2955,2011,412,1559,746,709,476,497
ADAMAOUA,BELEL,Belel,15208,619,579,630,3789,2578,528,1999,957,908,610,637
ADAMAOUA,BELEL,Djilougou,3337,136,127,138,831,566,116,439,210,199,134,140
ADAMAOUA,BELEL,Idool,4597,187,175,190,1145,779,160,604,289,275,184,193
ADAMAOUA,BELEL,Tello,9188,374,350,381,2289,1558,319,1208,578,549,368,385
ADAMAOUA,BELEL,Tournigal,9194,374,350,381,2290,1559,319,1208,578,549,369,385
ADAMAOUA,DANG,Dang,13000,529,495,539,3239,2204,451,1709,818,776,521,545
ADAMAOUA,DANG,Bini Dang,14224,579,542,589,3544,2411,494,1870,895,850,570,596
ADAMAOUA,DANG,Hangloa,14999,611,571,621,3737,2543,521,1971,943,896,601,629
ADAMAOUA,DANG,Mandourou,5744,234,219,238,1431,974,199,755,361,343,230,241
ADAMAOUA,DANG,Nganha,17941,730,683,743,4469,3041,623,2358,1128,1072,719,752
ADAMAOUA,DANG,Martap,8804,358,335,365,2193,1493,306,1157,554,526,353,369
ADAMAOUA,DANG,Lougga Tappadi,4751,193,181,197,1184,805,165,624,299,284,191,199
ADAMAOUA,DANG,Lewa Mboum,3799,155,145,157,946,644,132,499,239,227,152,159
ADAMAOUA,DANG,Likok,9777,398,372,405,2436,1658,339,1285,615,584,392,410
ADAMAOUA,DJOHONG,Djohong,28908,1177,1101,1198,7202,4901,1004,3800,1818,1727,1159,1211
ADAMAOUA,DJOHONG,Kombolaka,20659,841,787,856,5147,3502,717,2715,1299,1234,828,866
ADAMAOUA,DJOHONG,Ngaoui,25415,1034,968,1053,6332,4309,882,3341,1599,1518,1019,1065
ADAMAOUA,DJOHONG,Yarmbang,10845,441,413,449,2702,1839,376,1425,682,648,435,454
ADAMAOUA,MEIGANGA,Badjer,5474,223,209,227,1364,928,190,720,344,327,220,229
ADAMAOUA,MEIGANGA,Beka Guiwang,7305,297,278,303,1820,1238,254,960,459,436,293,306
ADAMAOUA,MEIGANGA,Dir,21648,881,825,897,5393,3670,751,2845,1362,1293,868,907
ADAMAOUA,MEIGANGA,Gunbela,13287,541,506,551,3310,2253,461,1746,836,794,533,557
ADAMAOUA,MEIGANGA,Kalaldi,7813,318,298,324,1946,1324,271,1027,491,467,313,327
ADAMAOUA,MEIGANGA,Lokoti,13077,532,498,542,3258,2217,454,1719,823,781,524,548
ADAMAOUA,MEIGANGA,Mbarang,7342,299,280,304,1829,1245,255,965,462,438,294,308
ADAMAOUA,MEIGANGA,Mboula,6523,266,248,270,1625,1106,226,857,410,390,262,273
ADAMAOUA,MEIGANGA,Meidougou,19016,774,724,788,4737,3224,660,2499,1196,1136,763,797
ADAMAOUA,MEIGANGA,Meiganga prive,28176,1147,1073,1167,7019,4777,978,3703,1772,1683,1130,1181
ADAMAOUA,MEIGANGA,Meiganga public,49421,2012,1882,2048,12312,8378,1716,6496,3109,2952,1982,2071
ADAMAOUA,NGAOUNDAL,Bagodo,7146,291,272,296,1780,1211,248,939,449,427,287,299
ADAMAOUA,NGAOUNDAL,Beka Gotto,6508,265,248,270,1621,1103,226,855,409,389,261,273
ADAMAOUA,NGAOUNDAL,Danfili,12904,525,492,535,3215,2188,448,1696,812,771,517,541
ADAMAOUA,NGAOUNDAL,Ngaoundal Catholique,29607,1205,1128,1227,7376,5019,1028,3892,1862,1768,1187,1241
ADAMAOUA,NGAOUNDAL,Ngaoundal CMA,36135,1471,1376,1497,9002,6126,1254,4749,2273,2158,1449,1514
ADAMAOUA,NGAOUNDAL,Pangar,6787,276,259,281,1691,1151,236,892,427,405,272,284
ADAMAOUA,NGAOUNDERE RURAL,Beka-Hossere,13421,546,511,556,3344,2275,466,1764,844,802,538,562
ADAMAOUA,NGAOUNDERE RURAL,Dibi,19131,779,729,793,4766,3243,664,2515,1203,1143,767,802
ADAMAOUA,NGAOUNDERE RURAL,Mbang-Mboum,22363,910,852,927,5571,3791,776,2939,1407,1336,897,937
ADAMAOUA,NGAOUNDERE RURAL,Mbe,24823,1010,946,1029,6184,4208,862,3263,1561,1483,995,1040
ADAMAOUA,NGAOUNDERE RURAL,Nyambaka,14073,573,536,583,3506,2386,489,1850,885,840,564,590
ADAMAOUA,NGAOUNDERE RURAL,Sassa Mbersi,6720,274,256,278,1674,1139,233,883,423,401,269,282
ADAMAOUA,NGAOUNDERE RURAL,Wack,10604,432,404,439,2642,1798,368,1394,667,633,425,444
ADAMAOUA,NGAOUNDERE RURAL,Wassande,7813,318,298,324,1946,1324,271,1027,491,467,313,327
ADAMAOUA,NGAOUNDERE URBAIN,Bamyanga,97681,3976,3721,4047,24335,16560,3391,12839,6144,5834,3917,4094
ADAMAOUA,NGAOUNDERE URBAIN,Boumdjere,93152,3792,3548,3860,23207,15792,3234,12244,5859,5564,3736,3904
ADAMAOUA,NGAOUNDERE URBAIN,Ndelbe,88273,3593,3362,3658,21991,14965,3064,11602,5552,5272,3540,3699
ADAMAOUA,NGAOUNDERE URBAIN,Sabongari,109759,4468,4181,4548,27344,18607,3810,14426,6904,6555,4402,4600
ADAMAOUA,TIBATI,Allat Mengack,8838,360,337,366,2202,1498,307,1162,556,528,354,370
ADAMAOUA,TIBATI,Djombi,10439,425,398,433,2601,1770,362,1372,657,623,419,437
ADAMAOUA,TIBATI,Mbakaou,12212,497,465,506,3042,2070,424,1605,768,729,490,512
ADAMAOUA,TIBATI,Meidjamba,7366,300,281,305,1835,1249,256,968,463,440,295,309
ADAMAOUA,TIBATI,Minim,4625,188,176,192,1152,784,161,608,291,276,185,194
ADAMAOUA,TIBATI,Ngaoubela,16603,676,632,688,4136,2815,576,2182,1044,992,666,696
ADAMAOUA,TIBATI,Tibati CMA,19866,809,757,823,4949,3368,690,2611,1250,1186,797,833
ADAMAOUA,TIBATI,Tibati CSI,19680,801,750,815,4903,3336,683,2587,1238,1175,789,825
ADAMAOUA,TIBATI,Tongo (Tibati),17044,694,649,706,4246,2889,592,2240,1072,1018,684,714
ADAMAOUA,TIGNERE,Alme,7319,298,279,303,1823,1241,254,962,460,437,294,307
ADAMAOUA,TIGNERE,Dodeo,3738,152,142,155,931,634,130,491,235,223,150,157
ADAMAOUA,TIGNERE,Doualayel,11270,459,429,467,2808,1911,391,1481,709,673,452,472
ADAMAOUA,TIGNERE,Gadjiwan,6060,247,231,251,1510,1027,210,797,381,362,243,254
ADAMAOUA,TIGNERE,Galim Tignere,19769,805,753,819,4925,3351,686,2598,1243,1181,793,828
ADAMAOUA,TIGNERE,Garbaya Yelwa,7414,302,282,307,1847,1257,257,975,466,443,297,311
ADAMAOUA,TIGNERE,Kontcha,7676,312,292,318,1912,1301,266,1009,483,458,308,322
ADAMAOUA,TIGNERE,Libong,12379,504,472,513,3084,2099,430,1627,779,739,496,519
ADAMAOUA,TIGNERE,Mayo Baleo,12349,503,470,512,3076,2094,429,1623,777,738,495,518
ADAMAOUA,TIGNERE,Tchabal Mbabo,7598,309,289,315,1893,1288,264,999,478,454,305,318
ADAMAOUA,TIGNERE,Tignere,27452,1117,1046,1137,6839,4654,953,3608,1727,1640,1101,1150
ADAMAOUA,TIGNERE,Wogoumdou,7167,292,273,297,1786,1215,249,942,451,428,287,300
CENTRE,BIYEM_ASSI,Akok-ndoe,27539,730,700,751,7533,3364,679,2664,1492,1246,1424,1400
CENTRE,BIYEM_ASSI,Biscuiterie,57470,1524,1460,1567,15721,7021,1417,5560,3113,2599,2972,2922
CENTRE,BIYEM_ASSI,Biyem Assi 1,39162,1039,995,1068,10713,4784,965,3789,2121,1771,2025,1991
CENTRE,BIYEM_ASSI,Biyem Assi 2,32624,865,829,889,8924,3985,804,3156,1767,1476,1687,1658
CENTRE,BIYEM_ASSI,Elig Effa,45440,1205,1155,1239,12430,5551,1120,4396,2461,2055,2350,2310
CENTRE,BIYEM_ASSI,Etoug Ebe,47136,1250,1198,1285,12894,5758,1162,4561,2553,2132,2437,2396
CENTRE,BIYEM_ASSI,Melen,27281,723,693,744,7462,3333,673,2639,1478,1234,1411,1387
CENTRE,BIYEM_ASSI,Mendong,31579,837,802,861,8638,3858,779,3055,1710,1428,1633,1605
CENTRE,BIYEM_ASSI,Mvog betsi,51709,1371,1314,1410,14145,6317,1275,5003,2801,2339,2674,2629
CENTRE,BIYEM_ASSI,Nkolbikok ,25261,670,642,689,6910,3086,623,2444,1368,1143,1306,1284
CENTRE,BIYEM_ASSI,Simbok,37069,983,942,1011,10140,4528,914,3587,2008,1677,1917,1884
CENTRE,CITE_VERTE,Briqueterie,57631,1528,1464,1571,15765,7040,1421,5576,3122,2607,2980,2930
CENTRE,CITE_VERTE,Carriere,114264,3030,2903,3115,31256,13959,2817,11055,6189,5168,5908,5809
CENTRE,CITE_VERTE,Cite verte,42345,1123,1076,1154,11583,5173,1044,4097,2294,1915,2190,2153
CENTRE,CITE_VERTE,Ekoudou (Cite Verte),20609,547,524,562,5638,2518,508,1994,1116,932,1066,1048
CENTRE,CITE_VERTE,Messa,51208,1358,1301,1396,14008,6256,1262,4955,2774,2316,2648,2603
CENTRE,CITE_VERTE,Mokolo,45748,1213,1162,1247,12514,5589,1128,4426,2478,2069,2366,2326
CENTRE,CITE_VERTE,Nkomkana,38547,1022,979,1051,10544,4709,950,3730,2088,1743,1993,1960
CENTRE,CITE_VERTE,Tsinga,40970,1087,1041,1117,11207,5005,1010,3964,2219,1853,2119,2083
CENTRE,CITE_VERTE,Tsinga oliga,60694,1610,1542,1655,16602,7414,1496,5872,3287,2745,3138,3085
CENTRE,DJOUNGOLO,Elig essono,25505,676,648,695,6977,3116,629,2468,1381,1154,1319,1297
CENTRE,DJOUNGOLO,Emana,97546,2587,2478,2659,26683,11916,2405,9438,5284,4412,5044,4959
CENTRE,DJOUNGOLO,Etoa  Meki,57298,1520,1456,1562,15674,7000,1413,5544,3104,2592,2963,2913
CENTRE,DJOUNGOLO,Mballa 2,80632,2138,2049,2198,22057,9850,1988,7801,4367,3647,4169,4099
CENTRE,DJOUNGOLO,Mballa 5,125319,3324,3184,3417,34280,15309,3089,12125,6788,5668,6480,6371
CENTRE,DJOUNGOLO,Nkolondom,101507,2692,2579,2767,27767,12400,2502,9821,5498,4591,5249,5160
CENTRE,DJOUNGOLO,Nlongkak,46185,1225,1173,1259,12634,5642,1139,4469,2502,2089,2388,2348
CENTRE,DJOUNGOLO,Tsinga village,41418,1098,1052,1129,11330,5060,1021,4007,2243,1873,2142,2106
CENTRE,EFOULAN,Afanoyoa,28615,759,727,780,7828,3496,705,2769,1550,1294,1480,1455
CENTRE,EFOULAN,Ahala 1,53868,1429,1369,1469,14735,6581,1328,5212,2918,2436,2785,2738
CENTRE,EFOULAN,Ahala 2,34404,912,874,938,9411,4203,848,3329,1863,1556,1779,1749
CENTRE,EFOULAN,Efoulan (Efoulan),83944,2226,2133,2289,22962,10255,2069,8122,4547,3797,4341,4267
CENTRE,EFOULAN,Ngoa ekelle,36785,976,935,1003,10062,4494,907,3559,1992,1664,1902,1870
CENTRE,EFOULAN,Nsimeyong 1,49113,1303,1248,1339,13435,6000,1211,4752,2660,2221,2540,2497
CENTRE,EFOULAN,Nsimeyong 2,61608,1634,1565,1680,16853,7526,1519,5961,3337,2787,3186,3132
CENTRE,EFOULAN,Nsimeyong 3,31967,848,812,872,8744,3905,788,3093,1732,1446,1653,1625
CENTRE,EFOULAN,Obili,99804,2647,2536,2721,27301,12192,2460,9656,5406,4514,5161,5074
CENTRE,MVOG-ADA,Nkolmesseng,94901,2517,2411,2587,25960,11593,2340,9182,5140,4292,4907,4824
CENTRE,MVOG-ADA,Nfandena,120850,3205,3071,3295,33058,14763,2979,11693,6546,5466,6249,6143
CENTRE,MVOG-ADA,Ngoulmekong,54902,1456,1395,1497,15018,6707,1353,5312,2974,2483,2839,2791
CENTRE,MVOG-ADA,Essos,84386,2238,2144,2301,23083,10309,2080,8165,4571,3817,4364,4290
CENTRE,MVOG-ADA,Mvog ada,56929,1510,1446,1552,15573,6955,1403,5508,3084,2575,2944,2894
CENTRE,NKOLBISSON,Ekorezock,26471,702,673,722,7241,3234,653,2561,1434,1197,1369,1346
CENTRE,NKOLBISSON,Etetak,15874,421,403,433,4342,1939,391,1536,860,718,821,807
CENTRE,NKOLBISSON,Nkolbisson,33395,886,848,910,9135,4080,823,3231,1809,1510,1727,1698
CENTRE,NKOLBISSON,Nkolnkoumou,15471,410,393,422,4232,1890,381,1497,838,700,800,786
CENTRE,NKOLBISSON,Nkolso'o,19670,522,500,536,5381,2403,485,1903,1065,890,1017,1000
CENTRE,NKOLBISSON,Nnom-nnam,39938,1059,1015,1089,10925,4879,985,3864,2163,1806,2065,2030
CENTRE,NKOLBISSON,Oyom Abang,41621,1104,1057,1135,11385,5084,1026,4027,2254,1883,2152,2116
CENTRE,NKOLNDONGO,Anguissa,42813,1135,1088,1167,11711,5230,1055,4142,2319,1936,2214,2176
CENTRE,NKOLNDONGO,Kondengui 1,44509,1180,1131,1213,12175,5437,1097,4306,2411,2013,2302,2263
CENTRE,NKOLNDONGO,Kondengui 2,41117,1090,1045,1121,11248,5023,1014,3978,2227,1860,2126,2090
CENTRE,NKOLNDONGO,Mimboman 1,77687,2060,1974,2118,21251,9490,1915,7516,4208,3514,4017,3949
CENTRE,NKOLNDONGO,Mimboman 2,86015,2281,2185,2345,23529,10508,2121,8322,4659,3890,4448,4373
CENTRE,NKOLNDONGO,Nkolndongo 1,49595,1315,1260,1352,13567,6059,1223,4799,2686,2243,2565,2521
CENTRE,NKOLNDONGO,Nkolndongo 2,40482,1074,1029,1104,11074,4945,998,3917,2193,1831,2093,2058
CENTRE,NKOLNDONGO,Eloundou,53712,1424,1365,1464,14693,6562,1324,5197,2909,2429,2777,2730
CENTRE,NKOLNDONGO,Emombo,53940,1431,1370,1471,14755,6589,1330,5219,2922,2440,2789,2742
CENTRE,NKOLNDONGO,Essomba,52563,1394,1335,1433,14378,6421,1296,5086,2847,2377,2718,2672
CENTRE,NKOLNDONGO,Nkolo,57361,1521,1457,1564,15691,7007,1414,5550,3107,2594,2966,2916
CENTRE,ODZA,Awae,66048,1752,1678,1801,18067,8068,1628,6390,3577,2987,3415,3358
CENTRE,ODZA,Ekounou 1,68035,1804,1729,1855,18611,8311,1677,6583,3685,3077,3518,3459
CENTRE,ODZA,Ekounou 2,70472,1869,1791,1921,19277,8609,1737,6818,3817,3187,3644,3582
CENTRE,ODZA,Nkomo,72485,1922,1842,1976,19828,8855,1787,7013,3926,3279,3748,3685
CENTRE,ODZA,Messamendongo,42389,1124,1077,1156,11595,5178,1045,4101,2296,1917,2192,2155
CENTRE,ODZA,Meyo,13065,347,332,356,3574,1596,322,1264,708,591,676,664
CENTRE,ODZA,Minkan,18227,483,463,497,4986,2227,449,1764,987,824,943,927
CENTRE,ODZA,Mvan,45568,1209,1158,1242,12465,5567,1123,4409,2468,2061,2356,2316
CENTRE,ODZA,Odza,46496,1233,1181,1268,12719,5680,1146,4499,2518,2103,2404,2364
CENTRE,AKONOLINGA,Abem,10100,360,340,369,2273,1552,316,1213,646,530,609,614
CENTRE,AKONOLINGA,Akak,1852,66,62,68,417,285,58,222,118,97,112,113
CENTRE,AKONOLINGA,Akonolinga Urbain,27756,991,934,1015,6247,4266,867,3332,1774,1458,1674,1687
CENTRE,AKONOLINGA,Djoudjoua,2518,90,85,92,567,387,79,302,161,132,152,153
CENTRE,AKONOLINGA,Edjom,7794,278,262,285,1754,1198,244,936,498,409,470,474
CENTRE,AKONOLINGA,Ekoudou (Akonolinga),8268,295,278,302,1861,1271,258,993,529,434,499,503
CENTRE,AKONOLINGA,Endom,6736,240,227,246,1516,1035,211,809,431,354,406,409
CENTRE,AKONOLINGA,Envane Sso,7128,254,240,261,1604,1095,223,856,456,374,430,433
CENTRE,AKONOLINGA,Mengang,6431,230,216,235,1447,988,201,772,411,338,388,391
CENTRE,AKONOLINGA,Mengueme Si,4186,149,141,153,942,643,131,502,268,220,252,254
CENTRE,AKONOLINGA,Yeme Yeme,6139,219,206,225,1382,944,192,737,392,322,370,373
CENTRE,AKONOLINGA,Zalom,3103,111,104,114,699,477,97,373,198,163,187,189
CENTRE,AWAE,Elat Minkom,6983,249,235,255,1572,1073,218,838,446,367,421,424
CENTRE,AWAE,Mimbang,8078,288,272,295,1818,1241,252,970,516,424,487,491
CENTRE,AWAE,Ngat,6429,229,216,235,1447,988,201,772,411,338,388,391
CENTRE,AWAE,Nkolessong,2343,84,79,86,527,360,73,281,150,123,141,142
CENTRE,AWAE,Olanguina,6000,214,202,219,1350,922,188,720,384,315,362,365
CENTRE,AYOS,Ayos Urbain,20034,715,674,733,4509,3079,626,2405,1281,1052,1208,1218
CENTRE,AYOS,Efoufoup,2833,101,95,104,638,435,89,340,181,149,171,172
CENTRE,AYOS,Kobdombo,4222,151,142,154,950,649,132,507,270,222,255,257
CENTRE,AYOS,Mang,1675,60,56,61,377,257,52,201,107,88,101,102
CENTRE,AYOS,Mbaka (Ayos),2914,104,98,107,656,448,91,350,186,153,176,177
CENTRE,AYOS,Mboke,1449,52,49,53,326,223,45,174,93,76,87,88
CENTRE,AYOS,Nganga,1763,63,59,64,397,271,55,212,113,93,106,107
CENTRE,AYOS,Nkoambang,3561,127,120,130,802,547,111,428,228,187,215,216
CENTRE,AYOS,Nyamvoudou,2660,95,89,97,599,409,83,319,170,140,160,162
CENTRE,AYOS,Salla,1666,59,56,61,375,256,52,200,107,88,100,101
CENTRE,AYOS,Yenassa,2083,74,70,76,469,320,65,250,133,109,126,127
CENTRE,BAFIA,Assala,8526,304,287,312,1919,1310,266,1024,545,448,514,518
CENTRE,BAFIA,Bafia 1,37030,1321,1246,1355,8334,5691,1157,4446,2367,1945,2233,2251
CENTRE,BAFIA,Bafia 2,9380,335,315,343,2111,1442,293,1126,600,493,566,570
CENTRE,BAFIA,Bafia rural,12564,448,423,460,2828,1931,393,1508,803,660,758,764
CENTRE,BAFIA,Balamba,12179,435,410,445,2741,1872,381,1462,779,640,734,740
CENTRE,BAFIA,Baliama,6621,236,223,242,1490,1018,207,795,423,348,399,402
CENTRE,BAFIA,Bayomen,6294,225,212,230,1417,967,197,756,402,331,380,383
CENTRE,BAFIA,Bokito,14130,504,475,517,3180,2172,442,1696,903,742,852,859
CENTRE,BAFIA,Bongo,3127,112,105,114,704,481,98,375,200,164,189,190
CENTRE,BAFIA,Deuk,12467,445,419,456,2806,1916,390,1497,797,655,752,758
CENTRE,BAFIA,Donenkeng,3297,118,111,121,742,507,103,396,211,173,199,200
CENTRE,BAFIA,Gbwah,2717,97,91,99,611,417,85,326,174,143,164,165
CENTRE,BAFIA,Goufan,7228,258,243,264,1627,1111,226,868,462,380,436,439
CENTRE,BAFIA,Kiki,3176,113,107,116,715,488,99,381,203,167,192,193
CENTRE,BAFIA,Mouko,3918,140,132,143,882,602,122,470,250,206,236,238
CENTRE,BAFIA,Ombessa,15684,560,528,574,3530,2410,490,1883,1003,824,946,953
CENTRE,BAFIA,Roum,4542,162,153,166,1022,698,142,545,290,239,274,276
CENTRE,BAFIA,Tsekane,7363,263,248,269,1657,1132,230,884,471,387,444,448
CENTRE,BAFIA,Yangben,7688,274,259,281,1730,1182,240,923,492,404,464,467
CENTRE,EBEBDA,Djounyat,9576,342,322,350,2155,1472,299,1150,612,503,577,582
CENTRE,EBEBDA,Leka,4691,167,158,172,1056,721,147,563,300,246,283,285
CENTRE,EBEBDA,Ngoksa,7138,255,240,261,1606,1097,223,857,456,375,430,434
CENTRE,EBEBDA,Nkolelouga,2198,78,74,80,495,338,69,264,141,115,133,134
CENTRE,ELIG_MFOMO,Elig - Mfomo,7867,281,265,288,1771,1209,246,944,503,413,474,478
CENTRE,ELIG_MFOMO,Kokodo,3614,129,122,132,813,555,113,434,231,190,218,220
CENTRE,ELIG_MFOMO,Nkengue,6420,229,216,235,1445,987,201,771,410,337,387,390
CENTRE,ESEKA,Bidjocka,5040,180,170,184,1134,775,158,605,322,265,304,306
CENTRE,ESEKA,Bondjock,5196,185,175,190,1169,799,162,624,332,273,313,316
CENTRE,ESEKA,Eseka,26395,942,888,966,5941,4057,825,3169,1687,1386,1592,1604
CENTRE,ESEKA,Likongue,3939,141,132,144,887,605,123,473,252,207,238,239
CENTRE,ESEKA,Langa,3271,117,110,120,736,503,102,393,209,172,197,199
CENTRE,ESEKA,Makak,18657,666,628,682,4199,2867,583,2240,1193,980,1125,1134
CENTRE,ESEKA,Messondo,4837,173,163,177,1089,743,151,581,309,254,292,294
CENTRE,ESEKA,Mom,11385,406,383,416,2562,1750,356,1367,728,598,686,692
CENTRE,ESEKA,Song-badjeck,3023,108,102,111,680,465,94,363,193,159,182,184
CENTRE,ESEKA,Song bayang,3010,107,101,110,677,463,94,361,192,158,181,183
CENTRE,ESEKA,Songmbong,3686,132,124,135,830,566,115,443,236,194,222,224
CENTRE,ESSE,Afanloum,1744,62,59,64,393,268,55,209,112,92,105,106
CENTRE,ESSE,Edzendouan,7404,264,249,271,1666,1138,231,889,473,389,446,450
CENTRE,ESSE,Esse ville,8065,288,271,295,1815,1239,252,968,516,424,486,490
CENTRE,ESSE,Mveng Essaboutou,3194,114,107,117,719,491,100,383,204,168,193,194
CENTRE,ESSE,Ngondi Mbele,3830,137,129,140,862,589,120,460,245,201,231,233
CENTRE,ESSE,Ngoungoumou,1941,69,65,71,437,298,61,233,124,102,117,118
CENTRE,ESSE,Ongandi,2128,76,72,78,479,327,67,255,136,112,128,129
CENTRE,EVODOULA,Evodoula,9046,323,304,331,2036,1390,283,1086,578,475,545,550
CENTRE,EVODOULA,Kalngaha,5329,190,179,195,1199,819,167,640,341,280,321,324
CENTRE,EVODOULA,Nkolassa,3892,139,131,142,876,598,122,467,249,204,235,237
CENTRE,EVODOULA,Nloudou,3901,139,131,143,878,599,122,468,249,205,235,237
CENTRE,MBALMAYO,Akoeman,3533,126,119,129,795,543,110,424,226,186,213,215
CENTRE,MBALMAYO,Angonfeme,1782,64,60,65,401,274,56,214,114,94,107,108
CENTRE,MBALMAYO,Assie,2829,101,95,103,637,435,88,340,181,149,171,172
CENTRE,MBALMAYO,Ekoumeyek,2605,93,88,95,586,400,81,313,167,137,157,158
CENTRE,MBALMAYO,Mbalmayo 1,26492,945,891,969,5963,4072,828,3180,1694,1391,1597,1610
CENTRE,MBALMAYO,Mbalmayo 2,30840,1101,1037,1128,6941,4740,964,3702,1972,1620,1860,1875
CENTRE,MBALMAYO,Mengueme,8387,299,282,307,1888,1289,262,1007,536,440,506,510
CENTRE,MBALMAYO,Metet,14369,513,483,526,3234,2208,449,1725,919,755,866,873
CENTRE,MBALMAYO,Minlaba,2157,77,73,79,486,332,67,259,138,113,130,131
CENTRE,MBALMAYO,Ngallan,7689,274,259,281,1731,1182,240,923,492,404,464,467
CENTRE,MBALMAYO,Ngomedzap,9060,323,305,331,2039,1392,283,1088,579,476,546,551
CENTRE,MBALMAYO,Nkolmeyang,3246,116,109,119,731,499,101,390,208,170,196,197
CENTRE,MBALMAYO,Nkolnyama,2749,98,92,101,619,423,86,330,176,144,166,167
CENTRE,MBALMAYO,Nkolya,5010,179,169,183,1128,770,157,601,320,263,302,305
CENTRE,MBALMAYO,Olama,3191,114,107,117,718,490,100,383,204,168,192,194
CENTRE,MBALMAYO,Onambessa,866,31,29,32,195,133,27,104,55,45,52,53
CENTRE,MBALMAYO,Ossoessam,3275,117,110,120,737,503,102,393,209,172,197,199
CENTRE,MBALMAYO,Sep,2717,97,91,99,611,417,85,326,174,143,164,165
CENTRE,MBALMAYO,Zoatoupsi,1687,60,57,62,380,259,53,203,108,89,102,103
CENTRE,MBANDJOCK,Edoumdane,624,22,21,23,140,96,20,75,40,33,38,38
CENTRE,MBANDJOCK,Lembe yezoum,2571,92,86,94,579,395,80,309,164,135,155,156
CENTRE,MBANDJOCK,Mbandjock,25454,908,856,931,5729,3912,796,3056,1627,1337,1535,1547
CENTRE,MBANDJOCK,Mebolo,1680,60,57,61,378,258,53,202,107,88,101,102
CENTRE,MBANDJOCK,Mvebekon,836,30,28,31,188,129,26,100,53,44,50,51
CENTRE,MBANDJOCK,Ndjore,4577,163,154,167,1030,703,143,549,293,240,276,278
CENTRE,MBANDJOCK,Ndoumba,2013,72,68,74,453,309,63,242,129,106,121,122
CENTRE,MBANDJOCK,Nkoteng 1,12145,433,409,444,2734,1867,380,1458,776,638,732,738
CENTRE,MBANDJOCK,Nkoteng 2,10490,374,353,384,2361,1612,328,1259,671,551,633,638
CENTRE,MBANDJOCK,Nyassi,2391,85,80,87,538,367,75,287,153,126,144,145
CENTRE,MBANDJOCK,Zoa,1704,61,57,62,383,262,53,205,109,89,103,104
CENTRE,MBANKOMO,Binguela,4407,157,148,161,992,677,138,529,282,231,266,268
CENTRE,MBANKOMO,Ebeba,2987,107,100,109,672,459,93,359,191,157,180,182
CENTRE,MBANKOMO,Mbankomo,20171,720,678,738,4540,3100,630,2422,1290,1059,1216,1226
CENTRE,MBANKOMO,Mefomo,4213,150,142,154,948,648,132,506,269,221,254,256
CENTRE,MBANKOMO,Ntouessong (Mbankomo),2333,83,78,85,525,359,73,280,149,123,141,142
CENTRE,MFOU,Atega,2706,97,91,99,609,416,85,325,173,142,163,164
CENTRE,MFOU,Dzeng (Mfou),3662,131,123,134,824,563,114,440,234,192,221,223
CENTRE,MFOU,Essazok,8109,289,273,297,1825,1246,253,973,518,426,489,493
CENTRE,MFOU,Komassi,3113,111,105,114,701,478,97,374,199,163,188,189
CENTRE,MFOU,Meven,4158,148,140,152,936,639,130,499,266,218,251,253
CENTRE,MFOU,Mfou,13143,469,442,481,2958,2020,411,1578,840,690,792,799
CENTRE,MFOU,Ndangueng,3599,128,121,132,810,553,112,432,230,189,217,219
CENTRE,MFOU,Nkilzok,4153,148,140,152,935,638,130,499,265,218,250,252
CENTRE,MFOU,Nkoabang,35401,1263,1191,1295,7968,5441,1106,4250,2263,1859,2135,2152
CENTRE,MFOU,Nkongoa,16966,605,571,621,3818,2607,530,2037,1085,891,1023,1031
CENTRE,MFOU,Nsimalen,14142,505,476,517,3183,2173,442,1698,904,743,853,860
CENTRE,MFOU,Omvan,3059,109,103,112,689,470,96,367,196,161,184,186
CENTRE,MONATELE,Eyenmeyong,2747,98,92,100,618,422,86,330,176,144,166,167
CENTRE,MONATELE,Monatele,18489,660,622,676,4161,2842,578,2220,1182,971,1115,1124
CENTRE,MONATELE,Mvomekak 2,4843,173,163,177,1090,744,151,581,310,254,292,294
CENTRE,MONATELE,Ngomo,3968,142,133,145,893,610,124,476,254,208,239,241
CENTRE,MONATELE,Nkog bong,7538,269,254,276,1697,1159,236,905,482,396,455,458
CENTRE,MONATELE,Nkolkosse,6225,222,209,228,1401,957,195,747,398,327,375,378
CENTRE,MONATELE,Nlong Bon 1,4146,148,139,152,933,637,130,498,265,218,250,252
CENTRE,MONATELE,Tala,5507,197,185,201,1240,846,172,661,352,289,332,335
CENTRE,NANGA_EBOKO,Bibey,3975,142,134,145,895,611,124,477,254,209,240,242
CENTRE,NANGA_EBOKO,Bissaga,1254,45,42,46,282,193,39,150,80,66,76,76
CENTRE,NANGA_EBOKO,Emtse,1804,64,61,66,406,277,56,217,115,95,109,110
CENTRE,NANGA_EBOKO,Mbargue,2483,89,84,91,559,382,78,298,159,130,150,151
CENTRE,NANGA_EBOKO,Metep,1353,48,46,49,305,208,42,162,87,71,82,82
CENTRE,NANGA_EBOKO,Minta,6010,214,202,220,1353,924,188,722,384,316,362,365
CENTRE,NANGA_EBOKO,Mvomzock,1801,64,61,66,405,277,56,216,115,95,109,110
CENTRE,NANGA_EBOKO,Nanga Eboko,32041,1143,1078,1172,7211,4924,1001,3846,2048,1683,1932,1948
CENTRE,NANGA_EBOKO,Ndjassi (Nanga Eboko),928,33,31,34,209,143,29,111,59,49,56,56
CENTRE,NANGA_EBOKO,Ndjombe,2251,80,76,82,507,346,70,270,144,118,136,137
CENTRE,NANGA_EBOKO,Ngoulmekong,3686,132,124,135,830,566,115,443,236,194,222,224
CENTRE,NANGA_EBOKO,Nguem,3168,113,107,116,713,487,99,380,203,166,191,193
CENTRE,NANGA_EBOKO,Nsem (Nanga Eboko),5829,208,196,213,1312,896,182,700,373,306,352,354
CENTRE,NANGA_EBOKO,Wall,2955,105,99,108,665,454,92,355,189,155,178,180
CENTRE,NDIKINIMEKI,Boutourou,2708,97,91,99,609,416,85,325,173,142,163,165
CENTRE,NDIKINIMEKI,Makenene,18649,666,627,682,4197,2866,583,2239,1192,979,1125,1134
CENTRE,NDIKINIMEKI,Ndikinimeki,17203,614,579,629,3872,2644,538,2065,1100,903,1037,1046
CENTRE,NDIKINIMEKI,Ndokowanen,1162,41,39,42,261,179,36,139,74,61,70,71
CENTRE,NDIKINIMEKI,Nitoukou,5160,184,174,189,1161,793,161,620,330,271,311,314
CENTRE,NDIKINIMEKI,Nyokon,4197,150,141,154,945,645,131,504,268,220,253,255
CENTRE,NGOG_MAPUBI,Bot Makak,5965,213,201,218,1342,917,186,716,381,313,360,363
CENTRE,NGOG_MAPUBI,Boumnyebel,7644,273,257,280,1720,1175,239,918,489,401,461,465
CENTRE,NGOG_MAPUBI,Dibang,2793,100,94,102,629,429,87,335,179,147,168,170
CENTRE,NGOG_MAPUBI,Hebga,4581,163,154,168,1031,704,143,550,293,241,276,278
CENTRE,NGOG_MAPUBI,Mandoumba,7312,261,246,267,1646,1124,229,878,467,384,441,444
CENTRE,NGOG_MAPUBI,Matomb,5421,193,182,198,1220,833,169,651,347,285,327,330
CENTRE,NGOG_MAPUBI,Mbanda,1228,44,41,45,276,189,38,147,78,64,74,75
CENTRE,NGOG_MAPUBI,Mbebe Kikot,5103,182,172,187,1149,784,159,613,326,268,308,310
CENTRE,NGOG_MAPUBI,Mintaba,2347,84,79,86,528,361,73,282,150,123,142,143
CENTRE,NGOG_MAPUBI,Ndongo,2846,102,96,104,641,437,89,342,182,149,172,173
CENTRE,NGOG_MAPUBI,Ngog-Mapubi,4051,145,136,148,912,623,127,486,259,213,244,246
CENTRE,NGOG_MAPUBI,Nguibassal,3599,128,121,132,810,553,112,432,230,189,217,219
CENTRE,NGOG_MAPUBI,Ntouleng,2199,78,74,80,495,338,69,264,141,115,133,134
CENTRE,NGOG_MAPUBI,Sombo,3534,126,119,129,795,543,110,424,226,186,213,215
CENTRE,NGOUMOU,Akono,11694,417,393,428,2632,1797,365,1404,748,614,705,711
CENTRE,NGOUMOU,Bikok,7892,282,265,289,1776,1213,247,947,505,414,476,480
CENTRE,NGOUMOU,Bikop,3890,139,131,142,875,598,122,467,249,204,235,236
CENTRE,NGOUMOU,Evindissi,4007,143,135,147,902,616,125,481,256,210,242,244
CENTRE,NGOUMOU,Ngoumou,11397,407,383,417,2565,1752,356,1368,729,599,687,693
CENTRE,NGOUMOU,Nkong Abok,3463,124,116,127,779,532,108,416,221,182,209,210
CENTRE,NGOUMOU,Offoumou,5307,189,178,194,1194,816,166,637,339,279,320,323
CENTRE,NTUI,Biakoa,12631,451,425,462,2843,1941,395,1516,808,663,762,768
CENTRE,NTUI,Mbangassina,8533,305,287,312,1921,1311,267,1024,546,448,515,519
CENTRE,NTUI,Ndimi,11884,424,400,435,2675,1826,371,1427,760,624,717,722
CENTRE,NTUI,Ndjame,5701,203,192,209,1283,876,178,684,364,299,344,347
CENTRE,NTUI,Ngoro,13759,491,463,503,3097,2115,430,1652,880,723,830,836
CENTRE,NTUI,Nguila,12921,461,435,473,2908,1986,404,1551,826,679,779,785
CENTRE,NTUI,Ntui,28458,1016,957,1041,6405,4374,889,3416,1819,1495,1716,1730
CENTRE,NTUI,Nyamanga 2,11734,419,395,429,2641,1803,367,1409,750,616,708,713
CENTRE,NTUI,Nyamoko,4962,177,167,182,1117,763,155,596,317,261,299,302
CENTRE,NTUI,Talba,15689,560,528,574,3531,2411,490,1883,1003,824,946,954
CENTRE,NTUI,Voundou,15140,540,509,554,3408,2327,473,1818,968,795,913,920
CENTRE,OBALA,Batchenga,12999,464,437,475,2926,1998,406,1561,831,683,784,790
CENTRE,OBALA,Efok,7456,266,251,273,1678,1146,233,895,477,392,450,453
CENTRE,OBALA,Ekabita Mendoum,7679,274,258,281,1728,1180,240,922,491,403,463,467
CENTRE,OBALA,Endinding,9074,324,305,332,2042,1395,284,1089,580,477,547,552
CENTRE,OBALA,Essong,11901,425,400,435,2679,1829,372,1429,761,625,718,723
CENTRE,OBALA,Etoud Ayos,5396,193,181,197,1214,829,169,648,345,283,325,328
CENTRE,OBALA,Minkama,9701,346,326,355,2183,1491,303,1165,620,509,585,590
CENTRE,OBALA,Nkol Mekok,5659,202,190,207,1274,870,177,679,362,297,341,344
CENTRE,OBALA,Nkolguem,6644,237,223,243,1495,1021,208,798,425,349,401,404
CENTRE,OBALA,Nkometou,7321,261,246,268,1648,1125,229,879,468,384,441,445
CENTRE,OBALA,Obala,57447,2050,1932,2101,12930,8829,1795,6897,3673,3017,3464,3492
CENTRE,OBALA,Yemessoa,6274,224,211,229,1412,964,196,753,401,329,378,381
CENTRE,OKOLA,Ebougsi,7330,262,247,268,1650,1126,229,880,469,385,442,446
CENTRE,OKOLA,Ekekam 3,5233,187,176,191,1178,804,164,628,335,275,316,318
CENTRE,OKOLA,Elig Yen,2175,78,73,80,489,334,68,261,139,114,131,132
CENTRE,OKOLA,Lobo,4172,149,140,153,939,641,130,501,267,219,252,254
CENTRE,OKOLA,Mvaa,5543,198,186,203,1248,852,173,665,354,291,334,337
CENTRE,OKOLA,Mvoua,5047,180,170,185,1136,776,158,606,323,265,304,307
CENTRE,OKOLA,Ngoya,9217,329,310,337,2074,1417,288,1106,589,484,556,560
CENTRE,OKOLA,Nkolpoblo,3845,137,129,141,865,591,120,462,246,202,232,234
CENTRE,OKOLA,Nlong,2066,74,70,76,465,318,65,248,132,109,125,126
CENTRE,OKOLA,Okola,11773,420,396,431,2650,1809,368,1413,753,618,710,716
CENTRE,OKOLA,Voa 2,4089,146,138,150,920,628,128,491,261,215,247,249
CENTRE,SAA,Lebamzip,4155,148,140,152,935,639,130,499,266,218,251,253
CENTRE,SAA,Lepopomo,3824,136,129,140,861,588,120,459,244,201,231,232
CENTRE,SAA,Ndong Elang,6978,249,235,255,1571,1072,218,838,446,366,421,424
CENTRE,SAA,Nkolang,9347,334,314,342,2104,1436,292,1122,598,491,564,568
CENTRE,SAA,Nkolbogo,4308,154,145,158,970,662,135,517,275,226,260,262
CENTRE,SAA,Nkolmbgana,2387,85,80,87,537,367,75,287,153,125,144,145
CENTRE,SAA,Nkolmvak,5633,201,189,206,1268,866,176,676,360,296,340,342
CENTRE,SAA,Nlong Onambele,6539,233,220,239,1472,1005,204,785,418,343,394,398
CENTRE,SAA,Ondondo,3070,110,103,112,691,472,96,369,196,161,185,187
CENTRE,SAA,Sa'a,30720,1096,1033,1124,6914,4721,960,3688,1964,1613,1852,1867
CENTRE,SOA,Ebang,13389,478,450,490,3014,2058,418,1607,856,703,807,814
CENTRE,SOA,Koulou,1708,61,57,62,384,262,53,205,109,90,103,104
CENTRE,SOA,Ngali 2,2278,81,77,83,513,350,71,274,146,120,137,138
CENTRE,SOA,Ntsouessong (Soa),7221,258,243,264,1625,1110,226,867,462,379,435,439
CENTRE,SOA,Soa,22854,816,769,836,5144,3512,714,2744,1461,1200,1378,1389
CENTRE,SOA,Ting Melen,1918,68,65,70,432,295,60,230,123,101,116,117
CENTRE,YOKO,Djole,7473,267,251,273,1682,1149,234,897,478,392,451,454
CENTRE,YOKO,Doume,2012,72,68,74,453,309,63,242,129,106,121,122
CENTRE,YOKO,Linte,3123,111,105,114,703,480,98,375,200,164,188,190
CENTRE,YOKO,Makouri,571,20,19,21,129,88,18,69,37,30,34,35
CENTRE,YOKO,Mankim,4351,155,146,159,979,669,136,522,278,228,262,264
CENTRE,YOKO,Nditam,4424,158,149,162,996,680,138,531,283,232,267,269
CENTRE,YOKO,Ngambe Tikar,16786,599,565,614,3778,2580,525,2015,1073,882,1012,1020
CENTRE,YOKO,Yoko,8087,289,272,296,1820,1243,253,971,517,425,488,492
EST,ABONG_MBANG,Abong Mbang Nord,6892,243,225,247,1660,1033,207,808,457,405,332,331
EST,ABONG_MBANG,Abong Mbang Sud,28604,1009,936,1026,6889,4288,860,3353,1898,1682,1380,1376
EST,ABONG_MBANG,Angossas,9964,351,326,357,2400,1494,300,1168,661,586,481,479
EST,ABONG_MBANG,Ankoung,4808,170,157,172,1158,721,145,564,319,283,232,231
EST,ABONG_MBANG,Atok,13805,487,452,495,3325,2070,415,1618,916,812,666,664
EST,ABONG_MBANG,Mbomba,8105,286,265,291,1952,1215,244,950,538,477,391,390
EST,ABONG_MBANG,Mindourou (Abong Mbang),9820,346,321,352,2365,1472,295,1151,652,578,474,472
EST,ABONG_MBANG,Nkouak,5664,200,185,203,1364,849,170,664,376,333,273,272
EST,BATOURI,Bandongoue,9651,340,316,346,2324,1447,290,1131,640,568,465,464
EST,BATOURI,Batouri Centre 1,11353,400,371,407,2734,1702,341,1331,753,668,548,546
EST,BATOURI,Batouri Centre 2,11307,399,370,406,2723,1695,340,1325,750,665,545,544
EST,BATOURI,Batouri Nord 1,4198,148,137,151,1011,629,126,492,279,247,202,202
EST,BATOURI,Batouri Nord 2,4188,148,137,150,1009,628,126,491,278,246,202,201
EST,BATOURI,Batouri Sud,13772,486,450,494,3317,2065,414,1614,914,810,664,662
EST,BATOURI,Belita 2,8457,298,277,303,2037,1268,254,991,561,497,408,407
EST,BATOURI,Batouri Ouest 1,7196,254,235,258,1733,1079,216,843,478,423,347,346
EST,BATOURI,Batouri Ouest 2,6287,222,206,226,1514,943,189,737,417,370,303,302
EST,BATOURI,Dem 2 Kambele,9095,321,298,326,2191,1364,273,1066,604,535,439,437
EST,BATOURI,Gadji,10017,353,328,359,2413,1502,301,1174,665,589,483,482
EST,BATOURI,Gounte,2968,105,97,106,715,445,89,348,197,175,143,143
EST,BATOURI,Kamba Mieri,3058,108,100,110,737,458,92,358,203,180,148,147
EST,BATOURI,Mbendissola,1604,57,52,58,386,240,48,188,106,94,77,77
EST,BATOURI,Mbounou,10026,354,328,360,2415,1503,301,1175,665,590,484,482
EST,BATOURI,Ndjassi (Batouri),3581,126,117,128,862,537,108,420,238,211,173,172
EST,BATOURI,Nguelebok,3367,119,110,121,811,505,101,395,223,198,162,162
EST,BATOURI,Tapare (Batouri),3863,136,126,139,930,579,116,453,256,227,186,186
EST,BELABO,Belabo,25921,914,848,930,6243,3886,779,3038,1720,1524,1250,1247
EST,BELABO,Bombi,3196,113,105,115,770,479,96,375,212,188,154,154
EST,BELABO,Deng Deng,11038,389,361,396,2659,1655,332,1294,733,649,532,531
EST,BELABO,Diang,7018,248,230,252,1690,1052,211,823,466,413,338,338
EST,BELABO,Ndemba 1,4500,159,147,161,1084,675,135,527,299,265,217,216
EST,BELABO,Mbethen,2990,105,98,107,720,448,90,350,198,176,144,144
EST,BELABO,Moundi,9493,335,311,341,2286,1423,285,1113,630,558,458,457
EST,BELABO,Mbitom,20570,726,673,738,4955,3084,618,2411,1365,1210,992,989
EST,BERTOUA,Bazzama,8071,285,264,290,1944,1210,243,946,536,475,389,388
EST,BERTOUA,Enia,53250,1878,1742,1910,12826,7983,1601,6242,3534,3132,2568,2561
EST,BERTOUA,Grand Mboulaye,15550,548,509,558,3745,2331,467,1823,1032,915,750,748
EST,BERTOUA,Mandjou,49209,1736,1610,1765,11852,7378,1479,5768,3266,2894,2373,2367
EST,BERTOUA,Mokolo 1 (Bertoua),34285,1209,1122,1230,8258,5140,1031,4019,2275,2016,1654,1649
EST,BERTOUA,Mokolo 4,28396,1002,929,1019,6839,4257,854,3328,1884,1670,1370,1366
EST,BERTOUA,Ndouan,12810,452,419,460,3086,1921,385,1502,850,753,618,616
EST,BERTOUA,Nkolbikon,42521,1500,1391,1525,10241,6375,1278,4984,2822,2501,2051,2045
EST,BERTOUA,Radio,8807,311,288,316,2121,1320,265,1032,584,518,425,424
EST,BERTOUA,Tigaza,36947,1303,1209,1325,8899,5539,1111,4331,2452,2173,1782,1777
EST,BETARE_OYA,Betare Oya,52317,1845,1711,1877,12601,7844,1573,6132,3472,3077,2523,2516
EST,BETARE_OYA,Dang Patou,23915,844,782,858,5760,3585,719,2803,1587,1407,1153,1150
EST,BETARE_OYA,Ngoura,35162,1240,1150,1261,8469,5272,1057,4121,2333,2068,1696,1691
EST,BETARE_OYA,Tongo Gadima,33258,1173,1088,1193,8011,4986,1000,3898,2207,1956,1604,1600
EST,DOUME,Doume 1,6921,244,226,248,1667,1038,208,811,459,407,334,333
EST,DOUME,Nkoum,4144,146,136,149,998,621,125,486,275,244,200,199
EST,DOUME,Bayong 3,1323,47,43,47,319,198,40,155,88,78,64,64
EST,DOUME,Dimako Nord,8111,286,265,291,1954,1216,244,951,538,477,391,390
EST,DOUME,Dimako Sud,6820,241,223,245,1643,1022,205,799,453,401,329,328
EST,DOUME,Doume 2,5842,206,191,210,1407,876,176,685,388,344,282,281
EST,DOUME,Goumbegeron,2149,76,70,77,518,322,65,252,143,126,104,103
EST,DOUME,Motcheboum,6014,212,197,216,1448,902,181,705,399,354,290,289
EST,DOUME,Ngandame,3463,122,113,124,834,519,104,406,230,204,167,167
EST,DOUME,Ngomdouma,2094,74,68,75,504,314,63,245,139,123,101,101
EST,DOUME,Petit Pol,3897,137,127,140,939,584,117,457,259,229,188,187
EST,DOUME,Seguelendom,3734,132,122,134,899,560,112,438,248,220,180,180
EST,GAROUA_BOULAÏ,Bindiba (Garoua Boulai),7226,255,236,259,1740,1083,217,847,480,425,349,348
EST,GAROUA_BOULAÏ,Gado Badzere,33864,1194,1108,1215,8156,5077,1018,3969,2247,1992,1633,1629
EST,GAROUA_BOULAÏ,Garoua Boulai,77246,2725,2527,2771,18605,11581,2322,9054,5126,4543,3726,3715
EST,GAROUA_BOULAÏ,Nandoungue,6809,240,223,244,1640,1021,205,798,452,400,328,328
EST,KETTE,Bedobo,3948,139,129,142,951,592,119,463,262,232,190,190
EST,KETTE,Bengue Tiko,4536,160,148,163,1093,680,136,532,301,267,219,218
EST,KETTE,Boubara,10594,374,347,380,2552,1588,318,1242,703,623,511,510
EST,KETTE,Gbiti,18886,666,618,677,4549,2831,568,2214,1253,1111,911,908
EST,KETTE,Kette,15927,562,521,571,3836,2388,479,1867,1057,937,768,766
EST,KETTE,Lala,3567,126,117,128,859,535,107,418,237,210,172,172
EST,KETTE,Oundjiki,1811,64,59,65,436,272,54,212,120,107,87,87
EST,KETTE,Ouli,8608,304,282,309,2073,1291,259,1009,571,506,415,414
EST,KETTE,Timangolo,13585,479,444,487,3272,2037,408,1592,902,799,655,653
EST,LOMIE,Lomie,21697,765,710,778,5226,3253,652,2543,1440,1276,1046,1044
EST,LOMIE,Messok (Lomie),14087,497,461,505,3393,2112,423,1651,935,828,679,678
EST,LOMIE,Ngoyla,7682,271,251,276,1850,1152,231,900,510,452,371,370
EST,LOMIE,Zoulabot 1,5326,188,174,191,1283,798,160,624,353,313,257,256
EST,MBANG,Atseik,3029,107,99,109,730,454,91,355,201,178,146,146
EST,MBANG,Bimba (Mbang),3711,131,121,133,894,556,112,435,246,218,179,179
EST,MBANG,Djampiel,3522,124,115,126,848,528,106,413,234,207,170,169
EST,MBANG,Kagnol,5095,180,167,183,1227,764,153,597,338,300,246,245
EST,MBANG,Lila,4042,143,132,145,974,606,122,474,268,238,195,194
EST,MBANG,Mbang,15707,554,514,563,3783,2355,472,1841,1042,924,758,755
EST,MESSAMENA,Bidjombo,3411,120,112,122,822,511,103,400,226,201,165,164
EST,MESSAMENA,Dimpam,6060,214,198,217,1460,909,182,710,402,356,292,291
EST,MESSAMENA,Doumou Mama,3141,111,103,113,756,471,94,368,208,185,151,151
EST,MESSAMENA,Messamena,7765,274,254,279,1870,1164,233,910,515,457,375,373
EST,MESSAMENA,Ngoulmakong (Messamena),6955,245,228,249,1675,1043,209,815,462,409,335,335
EST,MESSAMENA,Somalomo,5641,199,185,202,1359,846,170,661,374,332,272,271
EST,MOLOUNDOU,Mikel,7825,276,256,281,1885,1173,235,917,519,460,377,376
EST,MOLOUNDOU,Moloundou,10297,363,337,369,2480,1544,310,1207,683,606,497,495
EST,MOLOUNDOU,Ndongo Adjala,4207,148,138,151,1013,631,126,493,279,247,203,202
EST,MOLOUNDOU,Nguilili,14757,520,483,529,3554,2212,444,1730,979,868,712,710
EST,MOLOUNDOU,Salapoumbe,15133,534,495,543,3645,2269,455,1774,1004,890,730,728
EST,NDELELE,Kentzou,28160,993,921,1010,6783,4222,846,3301,1869,1656,1358,1354
EST,NDELELE,Lolo,30299,1069,991,1087,7298,4543,911,3551,2011,1782,1461,1457
EST,NDELELE,Mbondoua,7117,251,233,255,1714,1067,214,834,472,419,343,342
EST,NDELELE,Mindourou (Ndelele),12888,455,422,462,3104,1932,387,1511,855,758,622,620
EST,NDELELE,Ndelele,14785,521,484,530,3561,2217,444,1733,981,870,713,711
EST,NDELELE,Ngotto,7097,250,232,255,1709,1064,213,832,471,417,342,341
EST,NDELELE,Pana,3682,130,120,132,887,552,111,432,244,217,178,177
EST,NGUELEMENDOUKA,Azomekout,6007,212,197,215,1447,901,181,704,399,353,290,289
EST,NGUELEMENDOUKA,Bika,3904,138,128,140,940,585,117,458,259,230,188,188
EST,NGUELEMENDOUKA,Ngoap,8279,292,271,297,1994,1241,249,970,549,487,399,398
EST,NGUELEMENDOUKA,Nguelemendouka,14761,521,483,529,3555,2213,444,1730,980,868,712,710
EST,YOKADOUMA,Gari Gombo,11073,391,362,397,2667,1660,333,1298,735,651,534,533
EST,YOKADOUMA,Gribi,5381,190,176,193,1296,807,162,631,357,316,260,259
EST,YOKADOUMA,Massea,7388,261,242,265,1780,1108,222,866,490,435,356,355
EST,YOKADOUMA,Moampack,8636,305,283,310,2080,1295,260,1012,573,508,417,415
EST,YOKADOUMA,Momdjepoum,6892,243,225,247,1660,1033,207,808,457,405,332,331
EST,YOKADOUMA,Ngatto Madjoue,22196,783,726,796,5346,3328,667,2602,1473,1305,1071,1068
EST,YOKADOUMA,Ngolla 35,17201,607,563,617,4143,2579,517,2016,1142,1012,830,827
EST,YOKADOUMA,Yokadouma Nord,13634,481,446,489,3284,2044,410,1598,905,802,658,656
EST,YOKADOUMA,Yokadouma Sud,34054,1201,1114,1222,8202,5106,1024,3992,2260,2003,1643,1638
EXTRÊME-NORD,BOGO,Balaza,24675,1156,1123,1175,5607,4838,1006,3715,1632,1534,930,939
EXTRÊME-NORD,BOGO,Balda,18152,850,826,865,4125,3559,740,2733,1200,1129,684,691
EXTRÊME-NORD,BOGO,Bogo,28829,1350,1313,1373,6551,5653,1176,4340,1906,1793,1087,1097
EXTRÊME-NORD,BOGO,Borai,9904,464,451,472,2251,1942,404,1491,655,616,373,377
EXTRÊME-NORD,BOGO,Guinggley,21923,1027,998,1044,4982,4299,894,3301,1449,1363,827,834
EXTRÊME-NORD,BOGO,Madaka,15130,709,689,721,3438,2967,617,2278,1000,941,570,576
EXTRÊME-NORD,BOGO,Sedek,12444,583,567,593,2828,2440,507,1873,823,774,469,474
EXTRÊME-NORD,BOURHA,Boukoula,21269,996,968,1013,4833,4170,867,3202,1406,1323,802,809
EXTRÊME-NORD,BOURHA,Bourha,11611,544,529,553,2638,2277,473,1748,768,722,438,442
EXTRÊME-NORD,BOURHA,Gamboura,13634,639,621,649,3098,2673,556,2053,901,848,514,519
EXTRÊME-NORD,BOURHA,Guili 1 (Catholique),8881,416,404,423,2018,1741,362,1337,587,552,335,338
EXTRÊME-NORD,BOURHA,Guili 2 (Public),7113,333,324,339,1616,1395,290,1071,470,442,268,271
EXTRÊME-NORD,BOURHA,Mbola,6360,298,290,303,1445,1247,259,958,421,395,240,242
EXTRÊME-NORD,BOURHA,Oudda,6592,309,300,314,1498,1293,269,992,436,410,249,251
EXTRÊME-NORD,BOURHA,Tchevi,10229,479,466,487,2324,2006,417,1540,676,636,386,389
EXTRÊME-NORD,BOURHA,Teleki,4389,206,200,209,997,861,179,661,290,273,165,167
EXTRÊME-NORD,FOTOKOL,Fotokol,55528,2601,2528,2645,12618,10888,2264,8360,3671,3453,2094,2113
EXTRÊME-NORD,FOTOKOL,Sagme,19176,898,873,913,4358,3760,782,2887,1268,1192,723,730
EXTRÊME-NORD,GAZAWA,Dagai (Gazawa),6581,308,300,313,1496,1290,268,991,435,409,248,250
EXTRÊME-NORD,GAZAWA,Gawel,9745,456,444,464,2215,1911,397,1467,644,606,367,371
EXTRÊME-NORD,GAZAWA,Gazawa,31245,1463,1423,1488,7100,6127,1274,4704,2066,1943,1178,1189
EXTRÊME-NORD,GAZAWA,Loulou,8557,401,390,408,1945,1678,349,1288,566,532,323,326
EXTRÊME-NORD,GAZAWA,Massakal,9500,445,433,452,2159,1863,387,1430,628,591,358,362
EXTRÊME-NORD,GAZAWA,Ndoukoula,10723,502,488,511,2437,2103,437,1614,709,667,404,408
EXTRÊME-NORD,GAZAWA,Zongoya,6539,306,298,311,1486,1282,267,984,432,407,247,249
EXTRÊME-NORD,GOULFEY,Afade,20058,939,913,955,4558,3933,818,3020,1326,1247,756,763
EXTRÊME-NORD,GOULFEY,Amdjagara,12615,591,574,601,2867,2474,514,1899,834,784,476,480
EXTRÊME-NORD,GOULFEY,Goulfey,21293,997,969,1014,4839,4175,868,3206,1408,1324,803,810
EXTRÊME-NORD,GOULFEY,Goulfey Gana,12872,603,586,613,2925,2524,525,1938,851,800,485,490
EXTRÊME-NORD,GOULFEY,Hilele,19794,927,901,943,4498,3881,807,2980,1309,1231,746,753
EXTRÊME-NORD,GOULFEY,Maltam,31057,1455,1414,1479,7057,6090,1267,4676,2053,1931,1171,1182
EXTRÊME-NORD,GOULFEY,Mara,11409,534,519,543,2593,2237,465,1718,754,709,430,434
EXTRÊME-NORD,GUERE,Bangana,20367,954,927,970,4628,3994,831,3066,1347,1266,768,775
EXTRÊME-NORD,GUERE,Djougoumta,18087,847,823,861,4110,3546,738,2723,1196,1125,682,688
EXTRÊME-NORD,GUERE,Dompya,13607,637,619,648,3092,2668,555,2049,900,846,513,518
EXTRÊME-NORD,GUERE,Gobo,34552,1618,1573,1646,7852,6775,1409,5202,2285,2148,1303,1315
EXTRÊME-NORD,GUERE,Guibi,22719,1064,1034,1082,5163,4455,926,3420,1502,1413,857,865
EXTRÊME-NORD,GUERE,Nouldaina,33631,1575,1531,1602,7642,6594,1371,5063,2224,2091,1268,1280
EXTRÊME-NORD,GUERE,Polgue,7428,348,338,354,1688,1457,303,1118,491,462,280,283
EXTRÊME-NORD,GUIDIGUIS,Barlang,11224,526,511,535,2551,2201,458,1690,742,698,423,427
EXTRÊME-NORD,GUIDIGUIS,Bizili,16095,754,733,767,3657,3156,656,2423,1064,1001,607,613
EXTRÊME-NORD,GUIDIGUIS,Dongrosse,6922,324,315,330,1573,1357,282,1042,458,430,261,263
EXTRÊME-NORD,GUIDIGUIS,Doubane,17607,825,802,839,4001,3452,718,2651,1164,1095,664,670
EXTRÊME-NORD,GUIDIGUIS,Dziguilao 1,7508,352,342,358,1706,1472,306,1130,496,467,283,286
EXTRÊME-NORD,GUIDIGUIS,Dziguilao 2,12864,602,586,613,2923,2522,525,1937,851,800,485,490
EXTRÊME-NORD,GUIDIGUIS,Golonghini,9806,459,446,467,2228,1923,400,1476,648,610,370,373
EXTRÊME-NORD,GUIDIGUIS,Goundaye,21575,1010,982,1028,4903,4230,880,3248,1427,1342,813,821
EXTRÊME-NORD,GUIDIGUIS,Guego,7801,365,355,372,1773,1530,318,1175,516,485,294,297
EXTRÊME-NORD,GUIDIGUIS,Guereme,12506,586,569,596,2842,2452,510,1883,827,778,472,476
EXTRÊME-NORD,GUIDIGUIS,Guidiguis,20197,946,920,962,4589,3960,824,3041,1335,1256,762,769
EXTRÊME-NORD,GUIDIGUIS,Kabla,7637,358,348,364,1735,1497,311,1150,505,475,288,291
EXTRÊME-NORD,GUIDIGUIS,Kofide,13045,611,594,621,2964,2558,532,1964,862,811,492,496
EXTRÊME-NORD,GUIDIGUIS,Kourbi,8534,400,389,406,1939,1673,348,1285,564,531,322,325
EXTRÊME-NORD,GUIDIGUIS,Touloum,23741,1112,1081,1131,5395,4655,968,3574,1570,1476,895,904
EXTRÊME-NORD,HINA,Bering,14182,664,646,675,3223,2781,578,2135,938,882,535,540
EXTRÊME-NORD,HINA,Boudoum,12235,573,557,583,2780,2399,499,1842,809,761,461,466
EXTRÊME-NORD,HINA,Boula,11497,538,523,548,2613,2254,469,1731,760,715,433,438
EXTRÊME-NORD,HINA,Gamdougoum,15538,728,707,740,3531,3047,634,2339,1027,966,586,591
EXTRÊME-NORD,HINA,Gawar,14834,695,675,707,3371,2909,605,2233,981,922,559,565
EXTRÊME-NORD,HINA,Hina,20860,977,950,994,4740,4090,851,3141,1379,1297,787,794
EXTRÊME-NORD,HINA,Ounangare Dimeo,13471,631,613,642,3061,2641,549,2028,891,838,508,513
EXTRÊME-NORD,HINA,Tchamahe,9582,449,436,456,2177,1879,391,1443,634,596,361,365
EXTRÊME-NORD,HINA,Zidim,15950,747,726,760,3625,3128,650,2401,1055,992,601,607
EXTRÊME-NORD,HINA,Zouvoul,18678,875,850,890,4244,3662,762,2812,1235,1161,704,711
EXTRÊME-NORD,KAELE,Bipaing,8142,381,371,388,1850,1596,332,1226,538,506,307,310
EXTRÊME-NORD,KAELE,Boboyo,8663,406,394,413,1969,1699,353,1304,573,539,327,330
EXTRÊME-NORD,KAELE,Djidoma,13751,644,626,655,3125,2696,561,2070,909,855,518,523
EXTRÊME-NORD,KAELE,Doumrou (Kaele),12669,593,577,603,2879,2484,517,1907,838,788,478,482
EXTRÊME-NORD,KAELE,Gaban,6523,305,297,311,1482,1279,266,982,431,406,246,248
EXTRÊME-NORD,KAELE,Gadas,5310,249,242,253,1207,1041,217,799,351,330,200,202
EXTRÊME-NORD,KAELE,Garey,7552,354,344,360,1716,1481,308,1137,499,470,285,287
EXTRÊME-NORD,KAELE,Going,3572,167,163,170,812,700,146,538,236,222,135,136
EXTRÊME-NORD,KAELE,Kaele,26904,1260,1225,1281,6114,5275,1097,4051,1779,1673,1014,1024
EXTRÊME-NORD,KAELE,Lara,7807,366,355,372,1774,1531,318,1175,516,485,294,297
EXTRÊME-NORD,KAELE,Mapoussere,4541,213,207,216,1032,890,185,684,300,282,171,173
EXTRÊME-NORD,KAELE,Midjivin,11864,556,540,565,2696,2326,484,1786,784,738,447,452
EXTRÊME-NORD,KAELE,Mindjil,8108,380,369,386,1842,1590,331,1221,536,504,306,309
EXTRÊME-NORD,KAELE,Moubare,2840,133,129,135,645,557,116,428,188,177,107,108
EXTRÊME-NORD,KAR_HAY,Datcheka,14859,696,676,708,3377,2914,606,2237,982,924,560,565
EXTRÊME-NORD,KAR_HAY,Doukoula 1,16372,767,745,780,3720,3210,668,2465,1083,1018,617,623
EXTRÊME-NORD,KAR_HAY,Doukoula 2,17905,839,815,853,4069,3511,730,2696,1184,1113,675,681
EXTRÊME-NORD,KAR_HAY,Gane,10670,500,486,508,2425,2092,435,1606,705,663,402,406
EXTRÊME-NORD,KAR_HAY,Going -Tala,11071,518,504,527,2516,2171,451,1667,732,688,417,421
EXTRÊME-NORD,KAR_HAY,Guissia,6120,287,279,291,1391,1200,250,921,405,381,231,233
EXTRÊME-NORD,KAR_HAY,Kada'a,7499,351,341,357,1704,1470,306,1129,496,466,283,285
EXTRÊME-NORD,KAR_HAY,Mogom (Kar Hay),8464,396,385,403,1923,1660,345,1274,560,526,319,322
EXTRÊME-NORD,KAR_HAY,Oulargo,8134,381,370,387,1848,1595,332,1225,538,506,307,310
EXTRÊME-NORD,KAR_HAY,Tchatibali,20661,968,941,984,4695,4051,843,3111,1366,1285,779,786
EXTRÊME-NORD,KAR_HAY,Werfeo,7806,366,355,372,1774,1531,318,1175,516,485,294,297
EXTRÊME-NORD,KAR_HAY,Zouaye,18699,876,851,891,4249,3667,763,2815,1236,1163,705,712
EXTRÊME-NORD,KOLOFATA,Amchide,26230,1228,1194,1249,5961,5143,1070,3949,1734,1631,989,998
EXTRÊME-NORD,KOLOFATA,Gujimdele,11604,543,528,553,2637,2275,473,1747,767,722,438,442
EXTRÊME-NORD,KOLOFATA,Kerawa,23284,1090,1060,1109,5291,4566,950,3506,1540,1448,878,886
EXTRÊME-NORD,KOLOFATA,Kolofata,38456,1801,1751,1832,8739,7540,1568,5790,2543,2391,1450,1464
EXTRÊME-NORD,KOLOFATA,Kouyape,7430,348,338,354,1689,1457,303,1119,491,462,280,283
EXTRÊME-NORD,KOLOFATA,Limani,15291,716,696,728,3475,2998,624,2302,1011,951,577,582
EXTRÊME-NORD,KOLOFATA,Tolkomari,9092,426,414,433,2066,1783,371,1369,601,565,343,346
EXTRÊME-NORD,KOUSSERI,Amchedire,50519,2366,2300,2406,11480,9906,2060,7606,3340,3141,1905,1923
EXTRÊME-NORD,KOUSSERI,Dabanga,6471,303,295,308,1470,1269,264,974,428,402,244,246
EXTRÊME-NORD,KOUSSERI,Hile Haoussa,67015,3139,3051,3192,15229,13140,2733,10089,4431,4167,2527,2550
EXTRÊME-NORD,KOUSSERI,Kalakafra,12648,592,576,602,2874,2480,516,1904,836,786,477,481
EXTRÊME-NORD,KOUSSERI,Madana,36864,1727,1678,1756,8377,7228,1503,5550,2437,2292,1390,1403
EXTRÊME-NORD,KOUSSERI,Madiako,42475,1989,1934,2023,9652,8329,1732,6395,2808,2641,1602,1617
EXTRÊME-NORD,KOUSSERI,Ndjagare,13677,641,623,651,3108,2682,558,2059,904,850,516,521
EXTRÊME-NORD,KOUSSERI,Ngodeni,15756,738,717,750,3580,3089,643,2372,1042,980,594,600
EXTRÊME-NORD,KOUSSERI,Pagui,71139,3332,3239,3388,16166,13949,2901,10710,4704,4424,2682,2707
EXTRÊME-NORD,KOUSSERI,Parpar,65984,3090,3004,3143,14994,12938,2691,9934,4363,4103,2488,2511
EXTRÊME-NORD,KOUSSERI,Zimado,31750,1487,1446,1512,7215,6226,1295,4780,2099,1974,1197,1208
EXTRÊME-NORD,KOUSSERI,Zina,15791,740,719,752,3588,3096,644,2377,1044,982,595,601
EXTRÊME-NORD,KOZA,Djingliya,17651,827,804,841,4011,3461,720,2657,1167,1098,666,672
EXTRÊME-NORD,KOZA,Gaboua,10449,489,476,498,2374,2049,426,1573,691,650,394,398
EXTRÊME-NORD,KOZA,Gouzda Wayam,11647,545,530,555,2647,2284,475,1753,770,724,439,443
EXTRÊME-NORD,KOZA,Koza 1,12852,602,585,612,2921,2520,524,1935,850,799,485,489
EXTRÊME-NORD,KOZA,Koza 2,16562,776,754,789,3763,3247,675,2493,1095,1030,624,630
EXTRÊME-NORD,KOZA,Mazi-oulad,9698,454,442,462,2204,1902,395,1460,641,603,366,369
EXTRÊME-NORD,KOZA,Mstikar,9566,448,436,456,2174,1876,390,1440,632,595,361,364
EXTRÊME-NORD,KOZA,Ndouvgui Kilda,8903,417,405,424,2023,1746,363,1340,589,554,336,339
EXTRÊME-NORD,KOZA,Hirche,7231,339,329,344,1643,1418,295,1089,478,450,273,275
EXTRÊME-NORD,MADA,Bargaram,9995,468,455,476,2271,1960,408,1505,661,622,377,380
EXTRÊME-NORD,MADA,Blangoua,39242,1838,1787,1869,8917,7695,1600,5908,2595,2440,1480,1493
EXTRÊME-NORD,MADA,Blaram,11047,517,503,526,2510,2166,451,1663,730,687,417,420
EXTRÊME-NORD,MADA,Darak,28360,1328,1291,1351,6445,5561,1157,4270,1875,1764,1069,1079
EXTRÊME-NORD,MADA,Hile  Alifa,23402,1096,1065,1115,5318,4589,954,3523,1547,1455,882,891
EXTRÊME-NORD,MADA,Kobro,5031,236,229,240,1143,986,205,757,333,313,190,191
EXTRÊME-NORD,MADA,Kofia,12088,566,550,576,2747,2370,493,1820,799,752,456,460
EXTRÊME-NORD,MADA,Mada,28014,1312,1275,1334,6366,5493,1142,4218,1852,1742,1056,1066
EXTRÊME-NORD,MADA,Naga,12701,595,578,605,2886,2490,518,1912,840,790,479,483
EXTRÊME-NORD,MADA,Tchika,8932,418,407,425,2030,1751,364,1345,591,555,337,340
EXTRÊME-NORD,MAGA,Guirvidig,63889,2992,2909,3043,14518,12527,2605,9619,4224,3973,2409,2431
EXTRÊME-NORD,MAGA,Maga,56101,2627,2554,2672,12748,11000,2288,8446,3709,3488,2115,2135
EXTRÊME-NORD,MAGA,Mazera,16383,767,746,780,3723,3212,668,2467,1083,1019,618,623
EXTRÊME-NORD,MAGA,Pouss,57706,2703,2627,2749,13113,11315,2353,8688,3815,3588,2176,2196
EXTRÊME-NORD,MAGA,Tekele,21117,989,961,1006,4799,4141,861,3179,1396,1313,796,804
EXTRÊME-NORD,MAKARY,Amchilga,16610,778,756,791,3775,3257,677,2501,1098,1033,626,632
EXTRÊME-NORD,MAKARY,Biamo,21512,1008,979,1025,4888,4218,877,3239,1422,1338,811,819
EXTRÊME-NORD,MAKARY,Bodo,25483,1193,1160,1214,5791,4997,1039,3837,1685,1585,961,970
EXTRÊME-NORD,MAKARY,Bomboyo,10015,469,456,477,2276,1964,408,1508,662,623,378,381
EXTRÊME-NORD,MAKARY,Makary,31437,1472,1431,1497,7144,6164,1282,4733,2079,1955,1185,1196
EXTRÊME-NORD,MAKARY,Ngouma,19355,906,881,922,4398,3795,789,2914,1280,1204,730,737
EXTRÊME-NORD,MAKARY,Woulky,20115,942,916,958,4571,3944,820,3028,1330,1251,758,766
EXTRÊME-NORD,MAROUA_I,Beguele,6978,327,318,332,1586,1368,285,1051,461,434,263,266
EXTRÊME-NORD,MAROUA_I,Domayo 2,46699,2187,2126,2224,10612,9157,1904,7031,3088,2904,1761,1777
EXTRÊME-NORD,MAROUA_I,Domayo Djarma,26557,1244,1209,1265,6035,5207,1083,3998,1756,1651,1001,1011
EXTRÊME-NORD,MAROUA_I,Domayo Kaigama,14840,695,676,707,3372,2910,605,2234,981,923,560,565
EXTRÊME-NORD,MAROUA_I,Katoual,11553,541,526,550,2625,2265,471,1739,764,718,436,440
EXTRÊME-NORD,MAROUA_I,Makabaye,15060,705,686,717,3422,2953,614,2267,996,936,568,573
EXTRÊME-NORD,MAROUA_I,Meskine,33300,1560,1516,1586,7567,6529,1358,5013,2202,2071,1256,1267
EXTRÊME-NORD,MAROUA_I,Ngassa,3778,177,172,180,859,741,154,569,250,235,142,144
EXTRÊME-NORD,MAROUA_I,Ouro Tchede,20715,970,943,987,4707,4062,845,3119,1370,1288,781,788
EXTRÊME-NORD,MAROUA_I,Palar,20748,972,945,988,4715,4068,846,3124,1372,1290,782,790
EXTRÊME-NORD,MAROUA_I,Salak,14508,679,661,691,3297,2845,592,2184,959,902,547,552
EXTRÊME-NORD,MAROUA_II,Dogba,38465,1801,1751,1832,8741,7542,1569,5791,2543,2392,1450,1464
EXTRÊME-NORD,MAROUA_II,Doualare,58417,2736,2660,2782,13275,11455,2382,8795,3862,3632,2203,2223
EXTRÊME-NORD,MAROUA_II,Founangue,26178,1226,1192,1247,5949,5133,1068,3941,1731,1628,987,996
EXTRÊME-NORD,MAROUA_II,Kossewa,7603,356,346,362,1728,1491,310,1145,503,473,287,289
EXTRÊME-NORD,MAROUA_II,Lopere,37333,1748,1700,1778,8484,7320,1522,5621,2468,2321,1408,1421
EXTRÊME-NORD,MAROUA_II,Papata,12393,580,564,590,2816,2430,505,1866,819,771,467,472
EXTRÊME-NORD,MAROUA_II,Zokok,41519,1944,1890,1978,9435,8141,1693,6251,2745,2582,1565,1580
EXTRÊME-NORD,MAROUA_III,Birio,3646,171,166,174,828,715,149,549,241,227,137,139
EXTRÊME-NORD,MAROUA_III,Dargala,23609,1106,1075,1125,5365,4629,963,3554,1561,1468,890,899
EXTRÊME-NORD,MAROUA_III,Djarengol Kodek,20264,949,923,965,4605,3973,826,3051,1340,1260,764,771
EXTRÊME-NORD,MAROUA_III,Djoulgouf,3505,164,160,167,797,687,143,528,232,218,132,133
EXTRÊME-NORD,MAROUA_III,Dougoi,91931,4306,4185,4379,20891,18026,3749,13841,6078,5716,3466,3499
EXTRÊME-NORD,MAROUA_III,Kaheo,4283,201,195,204,973,840,175,645,283,266,162,163
EXTRÊME-NORD,MAROUA_III,Kodek,7557,354,344,360,1717,1482,308,1138,500,470,285,288
EXTRÊME-NORD,MAROUA_III,Kongola,19332,905,880,921,4393,3791,788,2911,1278,1202,729,736
EXTRÊME-NORD,MAROUA_III,Ouro Zangui,9135,428,416,435,2076,1791,373,1375,604,568,344,348
EXTRÊME-NORD,MAROUA_III,Yoldeo,11154,522,508,531,2535,2187,455,1679,737,694,421,424
EXTRÊME-NORD,MERI,Doulek,14556,682,663,693,3308,2854,594,2191,962,905,549,554
EXTRÊME-NORD,MERI,Douroum (Meri),21164,991,964,1008,4809,4150,863,3186,1399,1316,798,805
EXTRÊME-NORD,MERI,Douvangar,11984,561,546,571,2723,2350,489,1804,792,745,452,456
EXTRÊME-NORD,MERI,Godola,30502,1429,1389,1453,6931,5981,1244,4592,2017,1897,1150,1161
EXTRÊME-NORD,MERI,Kalliao,28512,1335,1298,1358,6479,5591,1163,4293,1885,1773,1075,1085
EXTRÊME-NORD,MERI,Magawa,16203,759,738,772,3682,3177,661,2439,1071,1008,611,617
EXTRÊME-NORD,MERI,Manguirdla,31717,1485,1444,1511,7207,6219,1293,4775,2097,1972,1196,1207
EXTRÊME-NORD,MERI,Meftek Ouazzang,13680,641,623,652,3109,2682,558,2060,905,851,516,521
EXTRÊME-NORD,MERI,Meri,17466,818,795,832,3969,3425,712,2630,1155,1086,659,665
EXTRÊME-NORD,MINDIF,Djappai,5243,246,239,250,1191,1028,214,789,347,326,198,200
EXTRÊME-NORD,MINDIF,Doyang,5171,242,235,246,1175,1014,211,778,342,322,195,197
EXTRÊME-NORD,MINDIF,Loubour,7898,370,360,376,1795,1549,322,1189,522,491,298,301
EXTRÊME-NORD,MINDIF,Maoudine,11082,519,505,528,2518,2173,452,1669,733,689,418,422
EXTRÊME-NORD,MINDIF,Matfai,5491,257,250,262,1248,1077,224,827,363,341,207,209
EXTRÊME-NORD,MINDIF,Mendeo,3199,150,146,152,727,627,130,482,212,199,121,122
EXTRÊME-NORD,MINDIF,Mindif,9082,425,413,433,2064,1781,370,1367,601,565,342,346
EXTRÊME-NORD,MINDIF,Modjombodi,3404,159,155,162,774,668,139,513,225,212,128,130
EXTRÊME-NORD,MINDIF,Mogom (Mindif),8332,390,379,397,1893,1634,340,1254,551,518,314,317
EXTRÊME-NORD,MINDIF,Yakang,5023,235,229,239,1141,985,205,756,332,312,189,191
EXTRÊME-NORD,MOGODE,Houpou,15347,719,699,731,3487,3009,626,2311,1015,954,579,584
EXTRÊME-NORD,MOGODE,Kila,17315,811,788,825,3935,3395,706,2607,1145,1077,653,659
EXTRÊME-NORD,MOGODE,Kortchi,18311,858,834,872,4161,3590,747,2757,1211,1139,690,697
EXTRÊME-NORD,MOGODE,Kossehone,17571,823,800,837,3993,3445,717,2645,1162,1093,663,669
EXTRÊME-NORD,MOGODE,Mogode,17871,837,814,851,4061,3504,729,2691,1182,1111,674,680
EXTRÊME-NORD,MOGODE,Rhumsiki,12939,606,589,616,2940,2537,528,1948,856,805,488,492
EXTRÊME-NORD,MOGODE,Rhumzou,16292,763,742,776,3702,3194,664,2453,1077,1013,614,620
EXTRÊME-NORD,MOGODE,Sir,22571,1057,1028,1075,5129,4426,920,3398,1492,1404,851,859
EXTRÊME-NORD,MOKOLO,Gadala,9165,429,417,437,2083,1797,374,1380,606,570,346,349
EXTRÊME-NORD,MOKOLO,Goudour,13881,650,632,661,3154,2722,566,2090,918,863,523,528
EXTRÊME-NORD,MOKOLO,Gouloua Momboï,9509,445,433,453,2161,1865,388,1432,629,591,359,362
EXTRÊME-NORD,MOKOLO,Ldamang,8503,398,387,405,1932,1667,347,1280,562,529,321,324
EXTRÊME-NORD,MOKOLO,Ldamtsai Goda,8707,408,396,415,1979,1707,355,1311,576,541,328,331
EXTRÊME-NORD,MOKOLO,Magoumaz,20160,944,918,960,4581,3953,822,3035,1333,1254,760,767
EXTRÊME-NORD,MOKOLO,Mandaka Chechem,18402,862,838,877,4182,3608,750,2771,1217,1144,694,700
EXTRÊME-NORD,MOKOLO,Minawao,50892,2383,2317,2424,11565,9979,2075,7662,3365,3165,1919,1937
EXTRÊME-NORD,MOKOLO,Mokolo 1 (Mokolo),39121,1832,1781,1863,8890,7671,1595,5890,2587,2433,1475,1489
EXTRÊME-NORD,MOKOLO,Mokolo 2,11893,557,541,566,2703,2332,485,1791,786,740,448,453
EXTRÊME-NORD,MOKOLO,Mokong,20706,970,943,986,4705,4060,844,3117,1369,1288,781,788
EXTRÊME-NORD,MOKOLO,Mounhour,4662,218,212,222,1059,914,190,702,308,290,176,177
EXTRÊME-NORD,MOKOLO,Moutaz,6218,291,283,296,1413,1219,254,936,411,387,234,237
EXTRÊME-NORD,MOKOLO,Ouro Tada,32255,1511,1468,1536,7330,6325,1315,4856,2133,2006,1216,1228
EXTRÊME-NORD,MOKOLO,Toufou,8535,400,389,407,1939,1674,348,1285,564,531,322,325
EXTRÊME-NORD,MOKOLO,Tourou,19729,924,898,940,4483,3868,805,2970,1304,1227,744,751
EXTRÊME-NORD,MOKOLO,Vouzod,10485,491,477,499,2383,2056,428,1579,693,652,395,399
EXTRÊME-NORD,MOKOLO,Zamay,20327,952,925,968,4619,3986,829,3060,1344,1264,766,774
EXTRÊME-NORD,MOKOLO,Zamay Grede,10312,483,469,491,2343,2022,421,1552,682,641,389,392
EXTRÊME-NORD,MOKOLO,Zileng,9842,461,448,469,2237,1930,401,1482,651,612,371,375
EXTRÊME-NORD,MORA,Aissa Harde,20152,944,917,960,4579,3951,822,3034,1332,1253,760,767
EXTRÊME-NORD,MORA,Bounderi,12618,591,574,601,2867,2474,515,1900,834,785,476,480
EXTRÊME-NORD,MORA,Djounde,13967,654,636,665,3174,2739,570,2103,923,868,527,532
EXTRÊME-NORD,MORA,Godigong,13185,618,600,628,2996,2585,538,1985,872,820,497,502
EXTRÊME-NORD,MORA,Kossa,18871,884,859,899,4288,3700,770,2841,1248,1173,712,718
EXTRÊME-NORD,MORA,Kourgui,17485,819,796,833,3973,3429,713,2632,1156,1087,659,665
EXTRÊME-NORD,MORA,Magdeme,25908,1213,1180,1234,5887,5080,1057,3901,1713,1611,977,986
EXTRÊME-NORD,MORA,Massare,16567,776,754,789,3765,3248,676,2494,1095,1030,625,630
EXTRÊME-NORD,MORA,Mehe,9131,428,416,435,2075,1790,372,1375,604,568,344,348
EXTRÊME-NORD,MORA,Meme,52844,2475,2406,2517,12008,10362,2155,7956,3494,3286,1992,2011
EXTRÊME-NORD,MORA,Mora,59938,2807,2729,2855,13620,11753,2444,9024,3963,3727,2260,2281
EXTRÊME-NORD,MORA,Oudjilla,7333,343,334,349,1666,1438,299,1104,485,456,276,279
EXTRÊME-NORD,MORA,Potoko Nord,14096,660,642,671,3203,2764,575,2122,932,876,531,536
EXTRÊME-NORD,MORA,Tala Mokolo,19218,900,875,915,4367,3768,784,2893,1271,1195,725,731
EXTRÊME-NORD,MORA,Waza,17509,820,797,834,3979,3433,714,2636,1158,1089,660,666
EXTRÊME-NORD,MORA,ZIGAGUE,10138,475,462,483,2304,1988,413,1526,670,630,382,386
EXTRÊME-NORD,MOULVOUDAYE,Daram,17938,840,817,854,4076,3517,732,2701,1186,1115,676,683
EXTRÊME-NORD,MOULVOUDAYE,Goudoum,22273,1043,1014,1061,5061,4367,908,3353,1473,1385,840,848
EXTRÊME-NORD,MOULVOUDAYE,Guirling,14323,671,652,682,3255,2809,584,2156,947,891,540,545
EXTRÊME-NORD,MOULVOUDAYE,Horlong,12812,600,583,610,2911,2512,522,1929,847,797,483,488
EXTRÊME-NORD,MOULVOUDAYE,Kolara,15697,735,715,748,3567,3078,640,2363,1038,976,592,597
EXTRÊME-NORD,MOULVOUDAYE,Korre,24237,1135,1103,1154,5508,4752,988,3649,1602,1507,914,922
EXTRÊME-NORD,MOULVOUDAYE,Manga,14651,686,667,698,3329,2873,597,2206,969,911,552,558
EXTRÊME-NORD,MOULVOUDAYE,Moulvoudaye,42849,2007,1951,2041,9737,8402,1747,6451,2833,2664,1616,1631
EXTRÊME-NORD,MOUTOURWA,Damai,11525,540,525,549,2619,2260,470,1735,762,717,435,439
EXTRÊME-NORD,MOUTOURWA,Foulou,9511,445,433,453,2161,1865,388,1432,629,591,359,362
EXTRÊME-NORD,MOUTOURWA,Mouda,7622,357,347,363,1732,1494,311,1147,504,474,287,290
EXTRÊME-NORD,MOUTOURWA,Moutourwa,20327,952,925,968,4619,3986,829,3060,1344,1264,766,774
EXTRÊME-NORD,MOUTOURWA,Titing,11680,547,532,556,2654,2290,476,1758,772,726,440,445
EXTRÊME-NORD,MOZOGO,Assighassia,14590,683,664,695,3315,2861,595,2197,965,907,550,555
EXTRÊME-NORD,MOZOGO,Goldavi,6279,294,286,299,1427,1231,256,945,415,390,237,239
EXTRÊME-NORD,MOZOGO,Gouzda Vreket,3408,160,155,162,774,668,139,513,225,212,128,130
EXTRÊME-NORD,MOZOGO,Moskota,15555,729,708,741,3535,3050,634,2342,1028,967,586,592
EXTRÊME-NORD,MOZOGO,Mozogo,17319,811,789,825,3936,3396,706,2608,1145,1077,653,659
EXTRÊME-NORD,MOZOGO,Nguetchewe,12692,594,578,605,2884,2489,518,1911,839,789,479,483
EXTRÊME-NORD,MOZOGO,Ouzal,15319,717,697,730,3481,3004,625,2306,1013,953,578,583
EXTRÊME-NORD,MOZOGO,Zheleved,8274,388,377,394,1880,1622,337,1246,547,515,312,315
EXTRÊME-NORD,PETTE,Alagarno,7698,361,350,367,1749,1510,314,1159,509,479,290,293
EXTRÊME-NORD,PETTE,Djaoude,12678,594,577,604,2881,2486,517,1909,838,788,478,482
EXTRÊME-NORD,PETTE,Djoutabembal,6674,313,304,318,1517,1309,272,1005,441,415,252,254
EXTRÊME-NORD,PETTE,Doubbel,6459,303,294,308,1468,1266,263,972,427,402,244,246
EXTRÊME-NORD,PETTE,Fadare,12101,567,551,576,2750,2373,493,1822,800,752,456,461
EXTRÊME-NORD,PETTE,Malam Petel,10816,507,492,515,2458,2121,441,1628,715,673,408,412
EXTRÊME-NORD,PETTE,Pette,11833,554,539,564,2689,2320,483,1781,782,736,446,450
EXTRÊME-NORD,ROUA,Madakonai,12372,579,563,589,2811,2426,505,1863,818,769,466,471
EXTRÊME-NORD,ROUA,Medere,25013,1171,1139,1191,5684,4905,1020,3766,1654,1555,943,952
EXTRÊME-NORD,ROUA,Midre,23385,1095,1065,1114,5314,4585,954,3521,1546,1454,882,890
EXTRÊME-NORD,ROUA,Ndimche,7305,342,333,348,1660,1432,298,1100,483,454,275,278
EXTRÊME-NORD,ROUA,Roua,23288,1091,1060,1109,5292,4566,950,3506,1540,1448,878,886
EXTRÊME-NORD,ROUA,Soulede,16412,769,747,782,3729,3218,669,2471,1085,1021,619,625
EXTRÊME-NORD,TOKOMBERE,Kotraba,10054,471,458,479,2285,1971,410,1514,665,625,379,383
EXTRÊME-NORD,TOKOMBERE,Mada Kolkoch,12992,608,592,619,2952,2548,530,1956,859,808,490,494
EXTRÊME-NORD,TOKOMBERE,Makalingai,10565,495,481,503,2401,2072,431,1591,699,657,398,402
EXTRÊME-NORD,TOKOMBERE,Mambeza,7433,348,338,354,1689,1457,303,1119,491,462,280,283
EXTRÊME-NORD,TOKOMBERE,Mangave Dalil,23545,1103,1072,1121,5350,4617,960,3545,1557,1464,888,896
EXTRÊME-NORD,TOKOMBERE,Mayo Ouldeme,16885,791,769,804,3837,3311,689,2542,1116,1050,637,643
EXTRÊME-NORD,TOKOMBERE,Mbreme,6426,301,293,306,1460,1260,262,967,425,400,242,245
EXTRÊME-NORD,TOKOMBERE,Mokio,15268,715,695,727,3470,2994,623,2299,1010,949,576,581
EXTRÊME-NORD,TOKOMBERE,Palbara,9988,468,455,476,2270,1958,407,1504,660,621,377,380
EXTRÊME-NORD,TOKOMBERE,Tokombere 1,17875,837,814,851,4062,3505,729,2691,1182,1112,674,680
EXTRÊME-NORD,TOKOMBERE,Tokombere 2,14365,673,654,684,3264,2817,586,2163,950,893,542,547
EXTRÊME-NORD,TOKOMBERE,Warba,17274,809,786,823,3925,3387,704,2601,1142,1074,651,657
EXTRÊME-NORD,VELE,Begue Palam,13096,613,596,624,2976,2568,534,1972,866,814,494,498
EXTRÊME-NORD,VELE,Djafga,11932,559,543,568,2711,2340,487,1796,789,742,450,454
EXTRÊME-NORD,VELE,Doreissou,17512,820,797,834,3979,3434,714,2636,1158,1089,660,666
EXTRÊME-NORD,VELE,Gabaraye,17497,819,797,833,3976,3431,714,2634,1157,1088,660,666
EXTRÊME-NORD,VELE,Kai Kai,37380,1751,1702,1780,8494,7330,1524,5628,2472,2324,1409,1423
EXTRÊME-NORD,VELE,Kartoua,10083,472,459,480,2291,1977,411,1518,667,627,380,384
EXTRÊME-NORD,VELE,Kouro mokdaye,12563,588,572,598,2855,2463,512,1891,831,781,474,478
EXTRÊME-NORD,VELE,Madalam,17301,810,788,824,3932,3392,706,2605,1144,1076,652,658
EXTRÊME-NORD,VELE,Vele,18727,877,853,892,4255,3672,764,2819,1238,1164,706,713
EXTRÊME-NORD,VELE,Widigue,11627,545,529,554,2642,2280,474,1750,769,723,438,442
EXTRÊME-NORD,YAGOUA,Bougaye,20044,939,913,955,4555,3930,817,3018,1325,1246,756,763
EXTRÊME-NORD,YAGOUA,Dana,27477,1287,1251,1309,6244,5388,1121,4137,1817,1709,1036,1046
EXTRÊME-NORD,YAGOUA,Djongdong,14218,666,647,677,3231,2788,580,2141,940,884,536,541
EXTRÊME-NORD,YAGOUA,Gobio,7178,336,327,342,1631,1407,293,1081,475,446,271,273
EXTRÊME-NORD,YAGOUA,Hougno,10738,503,489,511,2440,2106,438,1617,710,668,405,409
EXTRÊME-NORD,YAGOUA,Kalfou,20176,945,919,961,4585,3956,823,3038,1334,1255,761,768
EXTRÊME-NORD,YAGOUA,Mass Gaya,12173,570,554,580,2766,2387,496,1833,805,757,459,463
EXTRÊME-NORD,YAGOUA,Vada Toukou,29721,1392,1353,1416,6754,5828,1212,4475,1965,1848,1121,1131
EXTRÊME-NORD,YAGOUA,Viri,16913,792,770,806,3843,3316,690,2546,1118,1052,638,644
EXTRÊME-NORD,YAGOUA,Vounaloum,18562,869,845,884,4218,3640,757,2795,1227,1154,700,706
EXTRÊME-NORD,YAGOUA,Yagoua,95502,4473,4348,4549,21702,18726,3895,14378,6314,5938,3601,3635
LITTORAL,BANGUE,Bonamoussadi,63189,1560,1502,1596,17147,7502,1454,6000,3320,2673,3751,3685
LITTORAL,BANGUE,Kotto (Bangue),53950,1332,1282,1363,14640,6405,1242,5123,2834,2282,3203,3146
LITTORAL,BANGUE,Logbessou 1,69999,1729,1664,1768,18995,8310,1611,6647,3677,2961,4155,4082
LITTORAL,BANGUE,Logpom  Makepe,76996,1901,1830,1945,20894,9141,1772,7311,4045,3257,4571,4490
LITTORAL,BANGUE,Makepe Missoke,55495,1370,1319,1402,15059,6588,1277,5269,2915,2348,3294,3236
LITTORAL,BANGUE,Massoumbou,12467,308,296,315,3383,1480,287,1184,655,527,740,727
LITTORAL,BANGUE,Bangue,63220,1561,1503,1597,17156,7506,1455,6003,3321,2674,3753,3687
LITTORAL,BOKO,Bobongo,48042,1186,1142,1214,13037,5704,1106,4562,2524,2032,2852,2802
LITTORAL,BOKO,Boko Plage,69581,1718,1654,1758,18882,8261,1602,6607,3655,2944,4131,4058
LITTORAL,BOKO,Boko Plateau,50912,1257,1210,1286,13816,6044,1172,4834,2675,2154,3022,2969
LITTORAL,BOKO,Cite Berge,46231,1142,1099,1168,12545,5489,1064,4390,2429,1956,2744,2696
LITTORAL,BOKO,Mbanga Pongo,40130,991,954,1014,10890,4764,924,3810,2108,1698,2382,2340
LITTORAL,BOKO,Newtown Airport,82778,2044,1968,2091,22463,9827,1905,7860,4349,3502,4914,4827
LITTORAL,BOKO,Ngodi Bakoko,36310,897,863,917,9853,4311,836,3448,1908,1536,2156,2118
LITTORAL,BONASSAMA,Bilingue,39042,964,928,986,10595,4635,899,3707,2051,1652,2318,2277
LITTORAL,BONASSAMA,Bojongo (Bonassama),70622,1744,1679,1784,19164,8384,1626,6706,3710,2988,4192,4119
LITTORAL,BONASSAMA,Bonamikano,60079,1484,1428,1518,16303,7133,1383,5705,3156,2542,3567,3504
LITTORAL,BONASSAMA,Bonassama,34132,843,811,862,9262,4052,786,3241,1793,1444,2026,1991
LITTORAL,BONASSAMA,Bonendale,74727,1845,1776,1888,20278,8872,1720,7095,3926,3161,4436,4358
LITTORAL,BONASSAMA,Djebale,903,22,21,23,245,107,21,86,47,38,54,53
LITTORAL,BONASSAMA,Grand Hangar,47765,1180,1135,1207,12962,5671,1099,4535,2509,2021,2836,2786
LITTORAL,BONASSAMA,Mambanda,128389,3171,3052,3244,34840,15242,2955,12191,6745,5431,7622,7487
LITTORAL,BONASSAMA,Ngwele,63242,1562,1503,1598,17162,7508,1456,6005,3322,2675,3754,3688
LITTORAL,BONASSAMA,Nkomba,9642,238,229,244,2616,1145,222,915,507,408,572,562
LITTORAL,BONASSAMA,Sodiko,39826,984,947,1006,10807,4728,917,3782,2092,1685,2364,2323
LITTORAL,CITE_DES_PALMIERS,Cite des Palmiers,71989,1778,1711,1819,19535,8547,1657,6836,3782,3045,4274,4198
LITTORAL,CITE_DES_PALMIERS,Dikahe,15056,372,358,380,4086,1787,347,1430,791,637,894,878
LITTORAL,CITE_DES_PALMIERS,Genie Madiba,40784,1007,969,1030,11067,4842,939,3873,2143,1725,2421,2378
LITTORAL,CITE_DES_PALMIERS,Logbessou 2,46269,1143,1100,1169,12556,5493,1065,4393,2431,1957,2747,2698
LITTORAL,CITE_DES_PALMIERS,Maneke,27709,684,659,700,7519,3290,638,2631,1456,1172,1645,1616
LITTORAL,CITE_DES_PALMIERS,Ndogbong-CP,41003,1013,975,1036,11127,4868,944,3893,2154,1735,2434,2391
LITTORAL,CITE_DES_PALMIERS,Ndoghem 2,39473,975,938,997,10711,4686,909,3748,2074,1670,2343,2302
LITTORAL,CITE_DES_PALMIERS,Nyalla-CP,40779,1007,969,1030,11066,4841,939,3872,2142,1725,2421,2378
LITTORAL,CITE_DES_PALMIERS,Sodikombo,24939,616,593,630,6768,2961,574,2368,1310,1055,1480,1454
LITTORAL,DEIDO,Akwa 1,29077,718,691,735,7890,3452,669,2761,1528,1230,1726,1696
LITTORAL,DEIDO,Akwa 2,22547,557,536,570,6119,2677,519,2141,1185,954,1338,1315
LITTORAL,DEIDO,Akwa 3,28990,716,689,732,7867,3442,667,2753,1523,1226,1721,1691
LITTORAL,DEIDO,Akwa Nord,42469,1049,1009,1073,11524,5042,978,4032,2231,1797,2521,2477
LITTORAL,DEIDO,Bepanda Omnisports,122030,3014,2901,3083,33114,14488,2809,11587,6411,5162,7244,7117
LITTORAL,DEIDO,Bepanda TSF,118040,2915,2806,2982,32032,14014,2717,11208,6201,4994,7007,6884
LITTORAL,DEIDO,Bessengue,20810,514,495,526,5647,2471,479,1976,1093,880,1235,1214
LITTORAL,DEIDO,Bonanjo,59887,1479,1424,1513,16251,7110,1378,5686,3146,2533,3555,3493
LITTORAL,DEIDO,Cite Sic,55603,1373,1322,1405,15089,6601,1280,5280,2921,2352,3301,3243
LITTORAL,DEIDO,Deido,33069,817,786,835,8974,3926,761,3140,1737,1399,1963,1929
LITTORAL,DEIDO,Ndogbong,64651,1597,1537,1633,17544,7675,1488,6139,3396,2735,3838,3770
LITTORAL,DEIDO,New Deido (Grand Moulin),43435,1073,1032,1097,11787,5157,1000,4124,2282,1837,2578,2533
LITTORAL,JAPOMA,Bwang,13146,325,312,332,3567,1561,303,1248,691,556,780,767
LITTORAL,JAPOMA,Japoma,24624,608,585,622,6682,2923,567,2338,1294,1042,1462,1436
LITTORAL,JAPOMA,Japoma Mbanga,16663,411,396,421,4522,1978,384,1582,875,705,989,972
LITTORAL,JAPOMA,Japoma Yambon,25526,630,607,645,6927,3030,588,2424,1341,1080,1515,1489
LITTORAL,JAPOMA,Nyalla Chateau,22834,564,543,577,6196,2711,526,2168,1200,966,1355,1332
LITTORAL,JAPOMA,Nyalla Kambo,37053,915,881,936,10055,4399,853,3518,1947,1567,2200,2161
LITTORAL,JAPOMA,Nyalla Nkembe,28739,710,683,726,7799,3412,662,2729,1510,1216,1706,1676
LITTORAL,JAPOMA,Yassa,18421,455,438,465,4999,2187,424,1749,968,779,1094,1074
LITTORAL,LOGBABA,Logbaba Centre,24698,610,587,624,6702,2932,568,2345,1298,1045,1466,1440
LITTORAL,LOGBABA,Logbaba Plateau,30409,751,723,768,8252,3610,700,2887,1598,1286,1805,1773
LITTORAL,LOGBABA,Mboppi,16854,416,401,426,4573,2001,388,1600,885,713,1001,983
LITTORAL,LOGBABA,Ndogbati,16894,417,402,427,4584,2006,389,1604,888,715,1003,985
LITTORAL,LOGBABA,Ndogpassi 2,45282,1118,1076,1144,12288,5376,1042,4300,2379,1916,2688,2641
LITTORAL,LOGBABA,Ndogpassi 1,47603,1176,1131,1203,12918,5651,1096,4520,2501,2014,2826,2776
LITTORAL,LOGBABA,Ndogssimbi,14915,368,355,377,4047,1771,343,1416,784,631,885,870
LITTORAL,LOGBABA,Ndokoti,24077,595,572,608,6534,2859,554,2286,1265,1019,1429,1404
LITTORAL,LOGBABA,Nkongui,38484,950,915,972,10443,4569,886,3654,2022,1628,2285,2244
LITTORAL,LOGBABA,St Michel,20708,511,492,523,5619,2458,477,1966,1088,876,1229,1208
LITTORAL,NEW_BELL,Camp Yabassi,30034,742,714,759,8150,3566,691,2852,1578,1271,1783,1752
LITTORAL,NEW_BELL,Makea,39450,974,938,997,10705,4684,908,3746,2072,1669,2342,2301
LITTORAL,NEW_BELL,Mbam Ewondo,13745,339,327,347,3730,1632,316,1305,722,581,816,802
LITTORAL,NEW_BELL,New-Bell Bamileke,20437,505,486,516,5546,2426,470,1940,1074,865,1213,1192
LITTORAL,NEW_BELL,Ngangue,28594,706,680,722,7759,3395,658,2715,1502,1210,1697,1668
LITTORAL,NEW_BELL,Nkolmitag,23731,586,564,600,6440,2817,546,2253,1247,1004,1409,1384
LITTORAL,NEW_BELL,Nkololoun,55571,1372,1321,1404,15080,6597,1279,5277,2919,2351,3299,3241
LITTORAL,NEW_BELL,Nkong Mondo,26874,664,639,679,7292,3190,619,2552,1412,1137,1595,1567
LITTORAL,NEW_BELL,Sebenjongo,27280,674,648,689,7403,3239,628,2590,1433,1154,1619,1591
LITTORAL,NEW_BELL,Youpwe,58454,1444,1389,1477,15862,6940,1345,5550,3071,2473,3470,3409
LITTORAL,NYLON,Barcelone,80048,1977,1903,2022,21722,9503,1843,7601,4205,3386,4752,4668
LITTORAL,NYLON,Bonadiwoto,38417,949,913,971,10425,4561,884,3648,2018,1625,2281,2240
LITTORAL,NYLON,Oyack 3,59275,1464,1409,1497,16085,7037,1364,5628,3114,2508,3519,3457
LITTORAL,NYLON,Diboum,87435,2159,2078,2209,23726,10380,2013,8302,4593,3699,5190,5099
LITTORAL,NYLON,Ndogpassi 3 Centre,58992,1457,1402,1490,16008,7004,1358,5601,3099,2496,3502,3440
LITTORAL,NYLON,Ndogpassi 3 ZR,55900,1380,1329,1412,15169,6637,1287,5308,2937,2365,3318,3260
LITTORAL,NYLON,Oyack 1,39093,965,929,988,10608,4641,900,3712,2054,1654,2321,2280
LITTORAL,NYLON,Soboum,43655,1078,1038,1103,11846,5183,1005,4145,2293,1847,2592,2546
LITTORAL,ABO,Bessoungkang,1449,46,43,46,344,199,40,156,78,71,104,103
LITTORAL,ABO,Mangamba,1467,46,43,47,348,201,41,158,79,72,105,104
LITTORAL,ABO,Mbonjo,1456,46,43,47,345,200,41,157,79,71,104,103
LITTORAL,ABO,Miang,2511,79,74,80,595,345,70,271,135,123,180,178
LITTORAL,ABO,Souza,23891,752,704,766,5666,3279,665,2575,1288,1173,1711,1690
LITTORAL,DIBOMBARI,Bekoko,17976,566,530,576,4263,2467,500,1937,969,882,1288,1272
LITTORAL,DIBOMBARI,Bomono,12825,404,378,411,3042,1760,357,1382,691,629,919,907
LITTORAL,DIBOMBARI,Dibombari,4818,152,142,154,1143,661,134,519,260,236,345,341
LITTORAL,DIBOMBARI,Nkapa,7478,235,220,240,1774,1027,208,806,403,367,536,529
LITTORAL,DIBOMBARI,Yabea,641,20,19,21,152,88,18,69,35,31,46,45
LITTORAL,EDEA,Beon,14196,447,418,455,3367,1949,395,1530,765,697,1017,1004
LITTORAL,EDEA,Dehane,3489,110,103,112,827,479,97,376,188,171,250,247
LITTORAL,EDEA,Delangue,40335,1270,1189,1292,9566,5537,1123,4347,2174,1980,2889,2854
LITTORAL,EDEA,Dizangue,22664,713,668,726,5375,3111,631,2443,1222,1112,1623,1603
LITTORAL,EDEA,Elog Bele,19270,607,568,617,4570,2645,536,2077,1039,946,1380,1363
LITTORAL,EDEA,Logbajeck,13179,415,389,422,3126,1809,367,1420,710,647,944,932
LITTORAL,EDEA,Makondo,6854,216,202,220,1625,941,191,739,369,336,491,485
LITTORAL,EDEA,Malimba,19451,612,573,623,4613,2670,541,2097,1049,955,1393,1376
LITTORAL,EDEA,Mouanko,13643,429,402,437,3236,1873,380,1470,735,670,977,965
LITTORAL,EDEA,Ngonga,1405,44,41,45,333,193,39,151,76,69,101,99
LITTORAL,EDEA,Plateau Administratif,29048,914,856,931,6889,3987,808,3131,1566,1426,2081,2055
LITTORAL,LOUM,Babong (Loum),3667,115,108,117,870,503,102,395,198,180,263,259
LITTORAL,LOUM,Loum chantier,16085,506,474,515,3815,2208,448,1734,867,789,1152,1138
LITTORAL,LOUM,Loum 1,22185,698,654,711,5262,3045,617,2391,1196,1089,1589,1570
LITTORAL,LOUM,Loum 2,11124,350,328,356,2638,1527,310,1199,600,546,797,787
LITTORAL,LOUM,Loum 3,19024,599,561,610,4512,2611,529,2050,1026,934,1363,1346
LITTORAL,MANJO,Kolla,4149,131,122,133,984,570,115,447,224,204,297,294
LITTORAL,MANJO,Manjo 1,18020,567,531,577,4274,2474,502,1942,971,884,1291,1275
LITTORAL,MANJO,Manjo 2 (NGOL),6799,214,200,218,1613,933,189,733,367,334,487,481
LITTORAL,MANJO,Moumekeng,2422,76,71,78,574,332,67,261,131,119,173,171
LITTORAL,MANJO,Njoumbeng,1980,62,58,63,470,272,55,213,107,97,142,140
LITTORAL,MANJO,N'lohe,8383,264,247,269,1988,1151,233,904,452,411,600,593
LITTORAL,MANOKA,Cap Cameroun,6935,218,204,222,1645,952,193,747,374,340,497,491
LITTORAL,MANOKA,Kombo Moukoko,7532,237,222,241,1786,1034,210,812,406,370,539,533
LITTORAL,MANOKA,Manoka Centre,6048,190,178,194,1434,830,168,652,326,297,433,428
LITTORAL,MANOKA,Sio Sio 1,6134,193,181,197,1455,842,171,661,331,301,439,434
LITTORAL,MANOKA,Toube,4402,139,130,141,1044,604,123,474,237,216,315,311
LITTORAL,MBANGA,Boubou,1736,55,51,56,412,238,48,187,94,85,124,123
LITTORAL,MBANGA,Dikouma,21708,683,640,696,5148,2980,604,2340,1170,1065,1555,1536
LITTORAL,MBANGA,EEC,13287,418,392,426,3151,1824,370,1432,716,652,952,940
LITTORAL,MBANGA,Kotto (Mbanga),7730,243,228,248,1833,1061,215,833,417,379,554,547
LITTORAL,MBANGA,Matouke,7781,245,229,249,1845,1068,217,839,419,382,557,550
LITTORAL,MBANGA,Mission Catholique,17495,551,516,561,4149,2401,487,1886,943,859,1253,1238
LITTORAL,MBANGA,Mombo,8283,261,244,265,1964,1137,231,893,447,407,593,586
LITTORAL,MBANGA,Muyuka (Mbanga),6021,190,177,193,1428,826,168,649,325,295,431,426
LITTORAL,MELONG,Bare,9949,313,293,319,2359,1366,277,1072,536,488,713,704
LITTORAL,MELONG,Barehock,4402,139,130,141,1044,604,123,474,237,216,315,311
LITTORAL,MELONG,Essekou,7196,227,212,231,1707,988,200,776,388,353,515,509
LITTORAL,MELONG,Lelem,13778,434,406,441,3268,1891,383,1485,743,676,987,975
LITTORAL,MELONG,Mbokambo,5246,165,155,168,1244,720,146,565,283,257,376,371
LITTORAL,MELONG,Mbouroukou,7807,246,230,250,1852,1072,217,841,421,383,559,552
LITTORAL,MELONG,Melong Centre,49088,1545,1447,1573,11642,6738,1366,5291,2646,2409,3516,3473
LITTORAL,MELONG,Melong 2,4237,133,125,136,1005,582,118,457,228,208,303,300
LITTORAL,MELONG,Ndokou,6973,219,206,223,1654,957,194,752,376,342,499,493
LITTORAL,MELONG,Ndom Bakem,4271,134,126,137,1013,586,119,460,230,210,306,302
LITTORAL,NDOM,Bodi,1626,51,48,52,386,223,45,175,88,80,116,115
LITTORAL,NDOM,Ibong,1919,60,57,61,455,263,53,207,103,94,137,136
LITTORAL,NDOM,Kelleng,2992,94,88,96,710,411,83,322,161,147,214,212
LITTORAL,NDOM,Likund Mbian,3275,103,97,105,777,450,91,353,177,161,235,232
LITTORAL,NDOM,Logmbanga,1133,36,33,36,269,156,32,122,61,56,81,80
LITTORAL,NDOM,Ndogbatolgue 2,1349,42,40,43,320,185,38,145,73,66,97,95
LITTORAL,NDOM,Ndom Centre,3521,111,104,113,835,483,98,380,190,173,252,249
LITTORAL,NDOM,Nsigmbongo,4010,126,118,128,951,550,112,432,216,197,287,284
LITTORAL,NDOM,Nyanon,4279,135,126,137,1015,587,119,461,231,210,307,303
LITTORAL,NDOM,Omeng,2645,83,78,85,627,363,74,285,143,130,189,187
LITTORAL,NDOM,Pock Mahonda,955,30,28,31,227,131,27,103,51,47,68,68
LITTORAL,NGAMBE,Bikat,842,26,25,27,200,116,23,91,45,41,60,60
LITTORAL,NGAMBE,Bot Bea,1118,35,33,36,265,153,31,120,60,55,80,79
LITTORAL,NGAMBE,Ngambe Centre,5757,181,170,184,1365,790,160,621,310,283,412,407
LITTORAL,NGAMBE,Ngog Mbog,474,15,14,15,112,65,13,51,26,23,34,34
LITTORAL,NGAMBE,Saha,482,15,14,15,114,66,13,52,26,24,35,34
LITTORAL,NGAMBE,Song Mbengue,4744,149,140,152,1125,651,132,511,256,233,340,336
LITTORAL,NGAMBE,Tomel,1792,56,53,57,425,246,50,193,97,88,128,127
LITTORAL,NJOMBE_PENJA,Bouba,1858,58,55,60,441,255,52,200,100,91,133,131
LITTORAL,NJOMBE_PENJA,Njombe 1,18199,573,537,583,4316,2498,507,1962,981,893,1304,1288
LITTORAL,NJOMBE_PENJA,Njombe 2,14483,456,427,464,3435,1988,403,1561,781,711,1037,1025
LITTORAL,NJOMBE_PENJA,Penja 1,8198,258,242,263,1944,1125,228,884,442,402,587,580
LITTORAL,NJOMBE_PENJA,Penja 2,16512,520,487,529,3916,2267,460,1780,890,810,1183,1168
LITTORAL,NKONDJOCK,Dissouck,2105,66,62,67,499,289,59,227,113,103,151,149
LITTORAL,NKONDJOCK,Mabombe,4395,138,130,141,1042,603,122,474,237,216,315,311
LITTORAL,NKONDJOCK,Moya,2283,72,67,73,542,313,64,246,123,112,164,162
LITTORAL,NKONDJOCK,Ndobian,1728,54,51,55,410,237,48,186,93,85,124,122
LITTORAL,NKONDJOCK,Ndocktiba,2579,81,76,83,612,354,72,278,139,127,185,182
LITTORAL,NKONDJOCK,Nkondjock,8617,271,254,276,2044,1183,240,929,465,423,617,610
LITTORAL,NKONDJOCK,Sohock,5169,163,152,166,1226,709,144,557,279,254,370,366
LITTORAL,NKONGSAMBA,Bakwat,4339,137,128,139,1029,596,121,468,234,213,311,307
LITTORAL,NKONGSAMBA,Barressoumtou,12211,384,360,391,2896,1676,340,1316,658,599,875,864
LITTORAL,NKONGSAMBA,Bonangoh,27418,863,808,879,6503,3763,763,2955,1478,1346,1964,1940
LITTORAL,NKONGSAMBA,Ebone,8228,259,243,264,1951,1129,229,887,444,404,589,582
LITTORAL,NKONGSAMBA,Eboumbeng,8662,273,255,278,2054,1189,241,934,467,425,620,613
LITTORAL,NKONGSAMBA,Ekangte,15045,474,444,482,3568,2065,419,1622,811,738,1078,1064
LITTORAL,NKONGSAMBA,Ekel Mbeng,12968,408,382,416,3075,1780,361,1398,699,636,929,917
LITTORAL,NKONGSAMBA,Ekol Mbeng,16726,526,493,536,3967,2296,466,1803,902,821,1198,1183
LITTORAL,NKONGSAMBA,Nkoundou,5606,176,165,180,1330,770,156,604,302,275,402,397
LITTORAL,NKONGSAMBA,Nlongko'o,10699,337,315,343,2538,1469,298,1153,577,525,766,757
LITTORAL,POUMA,Makob Logbako,2997,94,88,96,711,411,83,323,162,147,215,212
LITTORAL,POUMA,Nkonga,2458,77,72,79,583,337,68,265,133,121,176,174
LITTORAL,POUMA,Pouma Centre,8250,260,243,264,1957,1132,230,889,445,405,591,584
LITTORAL,POUMA,Saint Andre,3546,112,105,114,841,487,99,382,191,174,254,251
LITTORAL,POUMA,Song Simouth,3424,108,101,110,812,470,95,369,185,168,245,242
LITTORAL,YABASSI,Benga,1053,33,31,34,250,145,29,114,57,52,75,75
LITTORAL,YABASSI,Bonepoupa,4175,131,123,134,990,573,116,450,225,205,299,295
LITTORAL,YABASSI,Longtoka,1232,39,36,39,292,169,34,133,66,60,88,87
LITTORAL,YABASSI,Solle,5982,188,176,192,1419,821,166,645,323,294,428,423
LITTORAL,YABASSI,Tonde,3035,96,89,97,720,417,84,327,164,149,217,215
LITTORAL,YABASSI,Yabassi,6604,208,195,212,1566,907,184,712,356,324,473,467
LITTORAL,YABASSI,Yingui,2284,72,67,73,542,314,64,246,123,112,164,162
NORD,Bibemi,Adoumri,22363,1002,970,1016,5423,4103,861,3133,1394,1335,858,880
NORD,Bibemi,Bibemi,31775,1424,1379,1444,7705,5830,1224,4451,1981,1896,1219,1251
NORD,Bibemi,Bide,7866,353,341,357,1907,1443,303,1102,490,469,302,310
NORD,Bibemi,Dengui,14887,667,646,676,3610,2731,573,2086,928,888,571,586
NORD,Bibemi,Djaloumi,10550,473,458,479,2558,1936,406,1478,658,630,405,415
NORD,Bibemi,Houla,16342,732,709,743,3963,2999,629,2289,1019,975,627,643
NORD,Bibemi,Lam (Bibemi),12991,582,564,590,3150,2384,500,1820,810,775,498,511
NORD,Bibemi,Mandjola,10599,475,460,482,2570,1945,408,1485,661,633,407,417
NORD,Bibemi,Mayo lope,15103,677,655,686,3662,2771,582,2116,942,901,579,594
NORD,Bibemi,Mbella,8491,380,368,386,2059,1558,327,1189,529,507,326,334
NORD,Bibemi,Ndiam badi,6873,308,298,312,1667,1261,265,963,429,410,264,271
NORD,Bibemi,Padarme,18180,815,789,826,4408,3336,700,2547,1133,1085,698,715
NORD,Figuil,Badadji,16564,742,719,753,4016,3039,638,2320,1033,989,636,652
NORD,Figuil,Batao,7500,336,325,341,1819,1376,289,1051,468,448,288,295
NORD,Figuil,Bidzar,20333,911,882,924,4930,3731,783,2848,1268,1213,780,800
NORD,Figuil,Djougui,7968,357,346,362,1932,1462,307,1116,497,475,306,314
NORD,Figuil,Figuil,26490,1187,1149,1204,6423,4860,1020,3711,1652,1581,1016,1043
NORD,Figuil,Karewa,14778,662,641,672,3583,2712,569,2070,921,882,567,582
NORD,Figuil,Lam (Figuil),15614,700,677,709,3786,2865,601,2187,973,932,599,614
NORD,Garoua I,Bangli,35242,1579,1529,1601,8545,6466,1357,4937,2197,2103,1352,1387
NORD,Garoua I,Djamboutou,39998,1792,1735,1818,9699,7339,1540,5603,2494,2387,1535,1574
NORD,Garoua I,Kollere,47600,2133,2065,2163,11542,8734,1833,6668,2968,2841,1826,1873
NORD,Garoua I,Ouro kanadi,84172,3772,3652,3825,20410,15444,3242,11792,5248,5023,3230,3313
NORD,Garoua I,Ouro Labo,25094,1125,1089,1140,6085,4604,966,3516,1565,1498,963,988
NORD,Garoua I,Souari,83013,3720,3602,3772,20129,15231,3197,11629,5175,4954,3185,3267
NORD,Garoua II,Foulbere,102544,4595,4449,4660,24865,18815,3949,14366,6393,6120,3935,4036
NORD,Garoua II,Lainde,26224,1175,1138,1192,6359,4812,1010,3674,1635,1565,1006,1032
NORD,Garoua II,Nassarao,13964,626,606,635,3386,2562,538,1956,871,833,536,550
NORD,Garoua II,Poumpoumre,39506,1770,1714,1795,9579,7249,1521,5534,2463,2358,1516,1555
NORD,Garoua II,Roumde adjia,70133,3143,3043,3187,17006,12868,2701,9825,4372,4185,2691,2760
NORD,Garoua II,Takasko,91283,4091,3961,4148,22134,16749,3515,12788,5691,5448,3502,3592
NORD,Gashiga,Barndake,30358,1360,1317,1379,7361,5570,1169,4253,1893,1812,1165,1195
NORD,Gashiga,Bascheo,15295,685,664,695,3709,2806,589,2143,954,913,587,602
NORD,Gashiga,Dembo,13657,612,593,621,3312,2506,526,1913,851,815,524,537
NORD,Gashiga,Demsa,18715,839,812,850,4538,3434,721,2622,1167,1117,718,737
NORD,Gashiga,Djatoumi,8324,373,361,378,2018,1527,321,1166,519,497,319,328
NORD,Gashiga,Gaschiga,22751,1020,987,1034,5517,4174,876,3187,1418,1358,873,895
NORD,Gashiga,Hamakoussou,7944,356,345,361,1926,1458,306,1113,495,474,305,313
NORD,Gashiga,Kobossi,11560,518,502,525,2803,2121,445,1620,721,690,444,455
NORD,Gashiga,Pomla manga,14228,638,617,647,3450,2611,548,1993,887,849,546,560
NORD,Gashiga,Rognou,18501,829,803,841,4486,3395,712,2592,1153,1104,710,728
NORD,Golombe,Babouri,12590,564,546,572,3053,2310,485,1764,785,751,483,495
NORD,Golombe,Bissoli,8856,397,384,402,2147,1625,341,1241,552,529,340,349
NORD,Golombe,Djabi,15569,698,676,707,3775,2857,600,2181,971,929,597,613
NORD,Golombe,Sorawel,15443,692,670,702,3745,2834,595,2163,963,922,593,608
NORD,Golombe,Sossilim,4672,209,203,212,1133,857,180,655,291,279,179,184
NORD,Golombe,Tchontchi,20016,897,868,910,4854,3673,771,2804,1248,1195,768,788
NORD,Guider,Balga,19449,872,844,884,4716,3569,749,2725,1213,1161,746,765
NORD,Guider,Douroum,14694,658,638,668,3563,2696,566,2059,916,877,564,578
NORD,Guider,Gaval,18314,821,795,832,4441,3360,705,2566,1142,1093,703,721
NORD,Guider,Gorom,7501,336,325,341,1819,1376,289,1051,468,448,288,295
NORD,Guider,Guider,48613,2178,2109,2209,11788,8919,1872,6810,3031,2901,1865,1913
NORD,Guider,Larbak,9710,435,421,441,2354,1782,374,1360,605,579,373,382
NORD,Guider,Libe,18473,828,802,839,4479,3389,711,2588,1152,1102,709,727
NORD,Guider,Lougguere,13940,625,605,633,3380,2558,537,1953,869,832,535,549
NORD,Guider,Matafal,12637,566,548,574,3064,2319,487,1770,788,754,485,497
NORD,Guider,Morija,23924,1072,1038,1087,5801,4390,921,3352,1492,1428,918,942
NORD,Guider,Mousgoy,19952,894,866,907,4838,3661,768,2795,1244,1191,766,785
NORD,Guider,Sainte martine,30874,1384,1340,1403,7486,5665,1189,4325,1925,1843,1185,1215
NORD,Guider,Soukoundou,20499,919,889,931,4971,3761,789,2872,1278,1223,787,807
NORD,Lagdo,Badankali,17086,766,741,776,4143,3135,658,2394,1065,1020,656,672
NORD,Lagdo,Bakona,17887,802,776,813,4337,3282,689,2506,1115,1067,686,704
NORD,Lagdo,Bame,18950,849,822,861,4595,3477,730,2655,1181,1131,727,746
NORD,Lagdo,Bocki,25300,1134,1098,1150,6135,4642,974,3544,1577,1510,971,996
NORD,Lagdo,Dingale,10767,482,467,489,2611,1975,415,1508,671,643,413,424
NORD,Lagdo,Djipporde,51155,2292,2220,2324,12404,9386,1970,7166,3189,3053,1963,2013
NORD,Lagdo,Gouna,35267,1580,1530,1603,8552,6471,1358,4941,2199,2105,1353,1388
NORD,Lagdo,Gounougou,19662,881,853,893,4768,3608,757,2755,1226,1173,754,774
NORD,Lagdo,Lamoudam,13361,599,580,607,3240,2452,515,1872,833,797,513,526
NORD,Lagdo,Naari,8667,388,376,394,2101,1590,334,1214,540,517,333,341
NORD,Lagdo,Ouro kessoum,9465,424,411,430,2295,1737,364,1326,590,565,363,372
NORD,Lagdo,Tongo (Lagdo),11442,513,496,520,2775,2099,441,1603,713,683,439,450
NORD,Mayo Oulo,Bossoum,14440,647,627,656,3502,2650,556,2023,900,862,554,568
NORD,Mayo Oulo,Doumo,20436,916,887,929,4955,3750,787,2863,1274,1220,784,804
NORD,Mayo Oulo,Dourbeye,21355,957,927,970,5178,3918,822,2992,1331,1274,819,840
NORD,Mayo Oulo,Guirviza,19789,887,859,899,4798,3631,762,2772,1234,1181,759,779
NORD,Mayo Oulo,Mandama,24405,1094,1059,1109,5918,4478,940,3419,1522,1456,936,960
NORD,Mayo Oulo,Mayo oulo,26862,1204,1165,1221,6513,4929,1034,3763,1675,1603,1031,1057
NORD,Mayo Oulo,Mouroum,5991,268,260,272,1453,1099,231,839,374,358,230,236
NORD,Mayo Oulo,Pologozom,12026,539,522,546,2916,2207,463,1685,750,718,461,473
NORD,Mayo Oulo,Wafo,12069,541,524,548,2926,2214,465,1691,752,720,463,475
NORD,Ngong,Babla,12452,558,540,566,3019,2285,480,1744,776,743,478,490
NORD,Ngong,Badang,32402,1452,1406,1472,7857,5945,1248,4539,2020,1934,1243,1275
NORD,Ngong,Boumedje,18945,849,822,861,4594,3476,730,2654,1181,1131,727,746
NORD,Ngong,Djalingo,44580,1998,1934,2026,10810,8180,1717,6245,2779,2660,1710,1754
NORD,Ngong,Djefatou,15378,689,667,699,3729,2822,592,2154,959,918,590,605
NORD,Ngong,Lainde tchitta,9907,444,430,450,2402,1818,382,1388,618,591,380,390
NORD,Ngong,Mbaga,13541,607,588,615,3283,2485,521,1897,844,808,520,533
NORD,Ngong,Ndjola,12434,557,539,565,3015,2281,479,1742,775,742,477,489
NORD,Ngong,Ngong,60728,2721,2635,2760,14725,11142,2339,8508,3786,3624,2330,2390
NORD,Ngong,Sanguere ngal,6541,293,284,297,1586,1200,252,916,408,390,251,257
NORD,Ngong,Tcheboa,30109,1349,1306,1368,7301,5524,1160,4218,1877,1797,1155,1185
NORD,Ngong,Touroua,40627,1821,1763,1846,9851,7454,1565,5691,2533,2425,1559,1599
NORD,Pitoa,Badjengo,18618,834,808,846,4515,3416,717,2608,1161,1111,714,733
NORD,Pitoa,Badjouma centre,25625,1148,1112,1164,6214,4702,987,3590,1598,1529,983,1008
NORD,Pitoa,Badjouma radier,8869,397,385,403,2151,1627,342,1242,553,529,340,349
NORD,Pitoa,Banaye,11508,516,499,523,2791,2112,443,1612,717,687,442,453
NORD,Pitoa,Be,6833,306,296,310,1657,1254,263,957,426,408,262,269
NORD,Pitoa,Boula ibib,28557,1280,1239,1298,6925,5240,1100,4001,1780,1704,1096,1124
NORD,Pitoa,Dolla,8250,370,358,375,2000,1514,318,1156,514,492,317,325
NORD,Pitoa,Holma,11082,497,481,504,2687,2033,427,1553,691,661,425,436
NORD,Pitoa,Langui,12511,561,543,568,3034,2296,482,1753,780,747,480,492
NORD,Pitoa,Pitoa,40799,1828,1770,1854,9893,7486,1571,5716,2544,2435,1565,1606
NORD,Poli,Balkossa,9666,433,419,439,2344,1774,372,1354,603,577,371,380
NORD,Poli,Beka,19095,856,828,868,4630,3503,735,2675,1190,1140,733,751
NORD,Poli,Bimba (Poli),7622,342,331,346,1848,1399,294,1068,475,455,292,300
NORD,Poli,Boumba,13798,618,599,627,3346,2532,531,1933,860,823,529,543
NORD,Poli,Djoumte,7697,345,334,350,1866,1412,296,1078,480,459,295,303
NORD,Poli,Fignole,5597,251,243,254,1357,1027,216,784,349,334,215,220
NORD,Poli,Poli,29676,1330,1288,1348,7196,5445,1143,4157,1850,1771,1139,1168
NORD,Poli,Tapare (Poli),4755,213,206,216,1153,872,183,666,296,284,182,187
NORD,Poli,Tchamba,12964,581,562,589,3143,2379,499,1816,808,774,497,510
NORD,Poli,Voko,4760,213,207,216,1154,873,183,667,297,284,183,187
NORD,Poli,Wangai,9320,418,404,423,2260,1710,359,1306,581,556,358,367
NORD,Rey Bouba,Alpha,25471,1141,1105,1157,6176,4674,981,3568,1588,1520,977,1002
NORD,Rey Bouba,Baikwa,18649,836,809,847,4522,3422,718,2613,1163,1113,716,734
NORD,Rey Bouba,Bere,17554,787,762,798,4256,3221,676,2459,1094,1048,674,691
NORD,Rey Bouba,Djamare,9602,430,417,436,2328,1762,370,1345,599,573,368,378
NORD,Rey Bouba,Djouroum,20151,903,874,916,4886,3697,776,2823,1256,1203,773,793
NORD,Rey Bouba,Dobinga,22619,1014,981,1028,5485,4150,871,3169,1410,1350,868,890
NORD,Rey Bouba,Koinderi,10386,465,451,472,2518,1906,400,1455,648,620,399,409
NORD,Rey Bouba,Kong rong,19283,864,837,876,4676,3538,743,2701,1202,1151,740,759
NORD,Rey Bouba,Mombore,10595,475,460,481,2569,1944,408,1484,661,632,407,417
NORD,Rey Bouba,Rey bouba,25562,1146,1109,1162,6198,4690,984,3581,1594,1525,981,1006
NORD,Rey Bouba,Sinassi,12852,576,558,584,3116,2358,495,1800,801,767,493,506
NORD,Rey Bouba,Somessi,9902,444,430,450,2401,1817,381,1387,617,591,380,390
NORD,Tchollire,Djaba,35534,1592,1542,1615,8616,6520,1368,4978,2215,2121,1363,1398
NORD,Tchollire,Gamba,16329,732,708,742,3959,2996,629,2287,1018,974,627,643
NORD,Tchollire,Gor,35804,1604,1553,1627,8682,6569,1379,5016,2232,2137,1374,1409
NORD,Tchollire,Hormbali,13880,622,602,631,3366,2547,535,1944,865,828,533,546
NORD,Tchollire,Kali,11491,515,499,522,2786,2108,443,1610,716,686,441,452
NORD,Tchollire,Madingring,49061,2199,2129,2229,11896,9002,1889,6873,3059,2928,1882,1931
NORD,Tchollire,Sakdje,24940,1118,1082,1133,6047,4576,960,3494,1555,1488,957,982
NORD,Tchollire,Sorombeo,12735,571,553,579,3088,2337,490,1784,794,760,489,501
NORD,Tchollire,Tchollire,26920,1206,1168,1223,6528,4939,1037,3771,1678,1607,1033,1059
NORD,Touboro,Djom,13746,616,596,625,3333,2522,529,1926,857,820,527,541
NORD,Touboro,Dompta,13590,609,590,618,3295,2494,523,1904,847,811,521,535
NORD,Touboro,Mafare,15541,696,674,706,3768,2851,599,2177,969,927,596,612
NORD,Touboro,Mbai Mboum,47005,2106,2039,2136,11398,8624,1810,6585,2931,2805,1804,1850
NORD,Touboro,Mbaka (Touboro),31887,1429,1384,1449,7732,5851,1228,4467,1988,1903,1223,1255
NORD,Touboro,Mbang Rey,21498,963,933,977,5213,3945,828,3012,1340,1283,825,846
NORD,Touboro,Mbeing,15155,679,658,689,3675,2781,584,2123,945,904,582,596
NORD,Touboro,Ngay Lara,29548,1324,1282,1343,7165,5421,1138,4139,1842,1763,1134,1163
NORD,Touboro,Touboro,82148,3681,3564,3733,19919,15072,3164,11508,5122,4902,3152,3233
NORD,Touboro,Vogzom,37973,1702,1648,1725,9208,6967,1462,5320,2367,2266,1457,1494
NORD,Touboro,Yanli,27000,1210,1171,1227,6547,4954,1040,3783,1683,1611,1036,1063
NORD-OUEST,AKO,Abongshie,2885,98,91,100,761,437,86,346,181,163,126,140
NORD-OUEST,AKO,Ako urban,7926,270,251,274,2091,1202,238,951,496,448,347,384
NORD-OUEST,AKO,Akwaja,8377,286,265,289,2210,1270,251,1005,524,473,367,406
NORD-OUEST,AKO,Berabe,17298,590,547,598,4564,2623,518,2075,1082,977,757,839
NORD-OUEST,AKO,Buku,10249,350,324,354,2704,1554,307,1229,641,579,448,497
NORD-OUEST,AKO,Jevi,10941,373,346,378,2886,1659,328,1313,685,618,479,531
NORD-OUEST,AKO,Kuta,8399,287,266,290,2216,1273,252,1008,526,474,368,407
NORD-OUEST,BAFUT,Akofunguba,3035,104,96,105,801,460,91,364,190,171,133,147
NORD-OUEST,BAFUT,Akossia,1576,54,50,54,416,239,47,189,99,89,69,76
NORD-OUEST,BAFUT,Buwe - Bukari,1849,63,59,64,488,280,55,222,116,104,81,90
NORD-OUEST,BAFUT,Mambu,3161,108,100,109,834,479,95,379,198,179,138,153
NORD-OUEST,BAFUT,Manji,5665,193,179,196,1494,859,170,680,354,320,248,275
NORD-OUEST,BAFUT,Mankanikong,1769,60,56,61,467,268,53,212,111,100,77,86
NORD-OUEST,BAFUT,Mankwi,1105,38,35,38,292,168,33,133,69,62,48,54
NORD-OUEST,BAFUT,Mbakong,5832,199,185,202,1539,884,175,700,365,329,255,283
NORD-OUEST,BAFUT,Mforya,3096,106,98,107,817,469,93,371,194,175,135,150
NORD-OUEST,BAFUT,Mundum,2088,71,66,72,551,317,63,250,131,118,91,101
NORD-OUEST,BAFUT,Nchum,1260,43,40,44,332,191,38,151,79,71,55,61
NORD-OUEST,BAFUT,Nsem (Bafut),6317,215,200,218,1666,958,189,758,395,357,276,306
NORD-OUEST,BAFUT,Nsoh,2177,74,69,75,574,330,65,261,136,123,95,106
NORD-OUEST,BAFUT,Tingoh,4647,159,147,161,1226,704,139,557,291,262,203,225
NORD-OUEST,BALI,Bali catholic,7096,242,225,245,1872,1076,213,851,444,401,310,344
NORD-OUEST,BALI,Bali urban,6971,238,221,241,1839,1057,209,836,436,394,305,338
NORD-OUEST,BALI,Bawock,4062,139,129,140,1072,616,122,487,254,229,178,197
NORD-OUEST,BALI,Bossa,926,32,29,32,244,140,28,111,58,52,41,45
NORD-OUEST,BALI,Gungong,1564,53,49,54,413,237,47,188,98,88,68,76
NORD-OUEST,BALI,Njenka,5321,182,168,184,1404,807,159,638,333,301,233,258
NORD-OUEST,BALI,Wosing,3004,102,95,104,793,456,90,360,188,170,131,146
NORD-OUEST,BAMENDA,Akumlam,4618,158,146,160,1218,700,138,554,289,261,202,224
NORD-OUEST,BAMENDA,Alabukam,3288,112,104,114,868,499,99,395,206,186,144,160
NORD-OUEST,BAMENDA,Alakuma,30096,1027,952,1040,7940,4563,902,3611,1883,1700,1317,1460
NORD-OUEST,BAMENDA,Alamandom,1958,67,62,68,517,297,59,235,123,111,86,95
NORD-OUEST,BAMENDA,Atuakom,30413,1037,962,1051,8024,4611,911,3649,1903,1718,1331,1475
NORD-OUEST,BAMENDA,Azire,74089,2527,2344,2560,19547,11233,2220,8888,4636,4185,3242,3594
NORD-OUEST,BAMENDA,Mankon,5937,203,188,205,1566,900,178,712,372,335,260,288
NORD-OUEST,BAMENDA,Mbachogwa,14369,490,455,497,3791,2179,431,1724,899,812,629,697
NORD-OUEST,BAMENDA,Mendankwe,23181,791,734,801,6116,3514,695,2781,1451,1309,1014,1125
NORD-OUEST,BAMENDA,Mulang,31082,1060,984,1074,8201,4712,932,3729,1945,1756,1360,1508
NORD-OUEST,BAMENDA,Ntambag,18353,626,581,634,4842,2782,550,2202,1148,1037,803,890
NORD-OUEST,BAMENDA,Ntamulung,16071,548,509,555,4240,2437,482,1928,1006,908,703,780
NORD-OUEST,BAMENDA,Ntankah,17934,612,567,620,4731,2719,537,2151,1122,1013,785,870
NORD-OUEST,BAMENDA III,Nkwen urban,91142,3109,2884,3150,24046,13818,2732,10934,5703,5148,3988,4421
NORD-OUEST,BAMENDA III,Nkwen rural,44765,1527,1417,1547,11810,6787,1342,5370,2801,2529,1959,2172
NORD-OUEST,BAMENDA III,Nkwen Baptist,31919,1089,1010,1103,8421,4839,957,3829,1997,1803,1397,1548
NORD-OUEST,BAMENDA III,Ndzah,991,34,31,34,262,150,30,119,62,56,43,48
NORD-OUEST,BAMENDA III,Ntasen,9363,319,296,324,2470,1420,281,1123,586,529,410,454
NORD-OUEST,BATIBO,Ashong Mbemi,2557,87,81,88,674,388,77,307,160,144,112,124
NORD-OUEST,BATIBO,Ashong Wumunyam,3348,114,106,116,883,508,100,402,210,189,146,162
NORD-OUEST,BATIBO,Batibo urban,9139,312,289,316,2411,1385,274,1096,572,516,400,443
NORD-OUEST,BATIBO,Bessi,4514,154,143,156,1191,684,135,542,282,255,198,219
NORD-OUEST,BATIBO,Bifang,4529,154,143,156,1195,687,136,543,283,256,198,220
NORD-OUEST,BATIBO,Eka,2907,99,92,100,767,441,87,349,182,164,127,141
NORD-OUEST,BATIBO,Enyoh,1948,66,62,67,514,295,58,234,122,110,85,94
NORD-OUEST,BATIBO,Ewai,4607,157,146,159,1215,698,138,553,288,260,202,223
NORD-OUEST,BATIBO,Ewoh,2294,78,73,79,605,348,69,275,144,130,100,111
NORD-OUEST,BATIBO,Guzang,5110,174,162,177,1348,775,153,613,320,289,224,248
NORD-OUEST,BATIBO,Gwofon,3060,104,97,106,807,464,92,367,191,173,134,148
NORD-OUEST,BATIBO,Kugwe,3647,124,115,126,962,553,109,438,228,206,160,177
NORD-OUEST,BATIBO,Kulabei,5163,176,163,178,1362,783,155,619,323,292,226,250
NORD-OUEST,BATIBO,Larinji,2720,93,86,94,717,412,82,326,170,154,119,132
NORD-OUEST,BATIBO,Njen-Nkon,1385,47,44,48,365,210,42,166,87,78,61,67
NORD-OUEST,BATIBO,Olorunti,3466,118,110,120,914,525,104,416,217,196,152,168
NORD-OUEST,BATIBO,Tiben,2812,96,89,97,742,426,84,337,176,159,123,136
NORD-OUEST,BATIBO,Widikum,11829,404,374,409,3121,1793,355,1419,740,668,518,574
NORD-OUEST,BENAKUMA,Baworo,11287,385,357,390,2978,1711,338,1354,706,638,494,548
NORD-OUEST,BENAKUMA,Beba-Batomo,5125,175,162,177,1352,777,154,615,321,290,224,249
NORD-OUEST,BENAKUMA,Befang,3645,124,115,126,962,553,109,437,228,206,159,177
NORD-OUEST,BENAKUMA,Benabinge,7666,261,243,265,2022,1162,230,920,480,433,335,372
NORD-OUEST,BENAKUMA,Benade,8353,285,264,289,2204,1266,250,1002,523,472,365,405
NORD-OUEST,BENAKUMA,Benakuma,11621,396,368,402,3066,1762,348,1394,727,656,508,564
NORD-OUEST,BENAKUMA,Modelle,3188,109,101,110,841,483,96,382,199,180,139,155
NORD-OUEST,BENAKUMA,Okoromanjang,2302,79,73,80,607,349,69,276,144,130,101,112
NORD-OUEST,FUNDONG,Aduk,14097,481,446,487,3719,2137,422,1691,882,796,617,684
NORD-OUEST,FUNDONG,Anyajua,18416,628,583,636,4859,2792,552,2209,1152,1040,806,893
NORD-OUEST,FUNDONG,Belo,15097,515,478,522,3983,2289,452,1811,945,853,661,732
NORD-OUEST,FUNDONG,Fuanantui,15872,541,502,548,4188,2406,476,1904,993,897,694,770
NORD-OUEST,FUNDONG,Fundong urban,24030,820,760,830,6340,3643,720,2883,1504,1357,1051,1166
NORD-OUEST,FUNDONG,Kikfuini,9600,327,304,332,2533,1455,288,1152,601,542,420,466
NORD-OUEST,FUNDONG,Konene,6587,225,208,228,1738,999,197,790,412,372,288,320
NORD-OUEST,FUNDONG,Mbengkas,1332,45,42,46,351,202,40,160,83,75,58,65
NORD-OUEST,FUNDONG,Mbessa,9009,307,285,311,2377,1366,270,1081,564,509,394,437
NORD-OUEST,FUNDONG,Mejang,9959,340,315,344,2627,1510,298,1195,623,563,436,483
NORD-OUEST,FUNDONG,Mentang,2477,84,78,86,653,375,74,297,155,140,108,120
NORD-OUEST,FUNDONG,Ndawara,4393,150,139,152,1159,666,132,527,275,248,192,213
NORD-OUEST,KUMBO_EAST,Dzeng (Kumbo East),4877,166,154,169,1287,739,146,585,305,276,213,237
NORD-OUEST,KUMBO_EAST,Jakiri CMA,6610,225,209,228,1744,1002,198,793,414,373,289,321
NORD-OUEST,KUMBO_EAST,Jakiri Urban,6615,226,209,229,1745,1003,198,794,414,374,289,321
NORD-OUEST,KUMBO_EAST,Kifem ,3268,111,103,113,862,495,98,392,204,185,143,159
NORD-OUEST,KUMBO_EAST,Kwanso,5108,174,162,177,1348,774,153,613,320,289,223,248
NORD-OUEST,KUMBO_EAST,Lip,2629,90,83,91,694,399,79,315,165,149,115,128
NORD-OUEST,KUMBO_EAST,Mbah,3969,135,126,137,1047,602,119,476,248,224,174,193
NORD-OUEST,KUMBO_EAST,Mbam,4522,154,143,156,1193,686,136,542,283,255,198,219
NORD-OUEST,KUMBO_EAST,Mbiame,14101,481,446,487,3720,2138,423,1692,882,797,617,684
NORD-OUEST,KUMBO_EAST,Mbokam,2784,95,88,96,735,422,83,334,174,157,122,135
NORD-OUEST,KUMBO_EAST,Mbonso,7856,268,249,271,2073,1191,235,942,492,444,344,381
NORD-OUEST,KUMBO_EAST,Ngendzeng,1902,65,60,66,502,288,57,228,119,107,83,92
NORD-OUEST,KUMBO_EAST,Ngorin,2663,91,84,92,703,404,80,319,167,150,117,129
NORD-OUEST,KUMBO_EAST,Nkar,3660,125,116,126,965,555,110,439,229,207,160,178
NORD-OUEST,KUMBO_EAST,Nkurf,1853,63,59,64,489,281,56,222,116,105,81,90
NORD-OUEST,KUMBO_EAST,Shisong,13897,474,440,480,3666,2107,416,1667,870,785,608,674
NORD-OUEST,KUMBO_EAST,Sop (Kumbo East),7087,242,224,245,1870,1075,212,850,444,400,310,344
NORD-OUEST,KUMBO_EAST,Tatum,6791,232,215,235,1792,1030,204,815,425,384,297,329
NORD-OUEST,KUMBO_EAST,Vekovi,7851,268,248,271,2071,1190,235,942,491,443,344,381
NORD-OUEST,KUMBO_EAST,Wainamah,4569,156,145,158,1205,693,137,548,286,258,200,222
NORD-OUEST,KUMBO_EAST,Wasi Ber,3966,135,126,137,1046,601,119,476,248,224,174,192
NORD-OUEST,KUMBO_EAST,Wvem,3158,108,100,109,833,479,95,379,198,178,138,153
NORD-OUEST,KUMBO_WEST,BBH,21289,726,674,736,5617,3228,638,2554,1332,1203,931,1033
NORD-OUEST,KUMBO_WEST,Buh,7817,267,247,270,2062,1185,234,938,489,442,342,379
NORD-OUEST,KUMBO_WEST,Kai,2687,92,85,93,709,407,81,322,168,152,118,130
NORD-OUEST,KUMBO_WEST,Kikaikelaiki,5730,195,181,198,1512,869,172,687,359,324,251,278
NORD-OUEST,KUMBO_WEST,Kikaikom,13184,450,417,456,3478,1999,395,1582,825,745,577,640
NORD-OUEST,KUMBO_WEST,Kitiwum,5219,178,165,180,1377,791,156,626,327,295,228,253
NORD-OUEST,KUMBO_WEST,Kumbo CMA,20846,711,660,720,5500,3160,625,2501,1304,1178,912,1011
NORD-OUEST,KUMBO_WEST,Kumbo urban,11598,396,367,401,3060,1758,348,1391,726,655,507,563
NORD-OUEST,KUMBO_WEST,Kuvlu,3916,134,124,135,1033,594,117,470,245,221,171,190
NORD-OUEST,KUMBO_WEST,Melim,4061,139,129,140,1072,616,122,487,254,229,178,197
NORD-OUEST,KUMBO_WEST,Nkumkov,12377,422,392,428,3265,1876,371,1485,774,699,542,600
NORD-OUEST,MBENGWI,Abebung,632,22,20,22,167,96,19,76,40,36,28,31
NORD-OUEST,MBENGWI,Acha,3819,130,121,132,1008,579,114,458,239,216,167,185
NORD-OUEST,MBENGWI,Ajei,1438,49,46,50,379,218,43,173,90,81,63,70
NORD-OUEST,MBENGWI,Andek,3690,126,117,128,974,559,111,443,231,208,161,179
NORD-OUEST,MBENGWI,Azem,1350,46,43,47,356,205,40,162,84,76,59,65
NORD-OUEST,MBENGWI,Bome,3162,108,100,109,834,479,95,379,198,179,138,153
NORD-OUEST,MBENGWI,Etwii,2115,72,67,73,558,321,63,254,132,119,93,103
NORD-OUEST,MBENGWI,Kob,1985,68,63,69,524,301,59,238,124,112,87,96
NORD-OUEST,MBENGWI,Mbengeghang,1873,64,59,65,494,284,56,225,117,106,82,91
NORD-OUEST,MBENGWI,Mbengwi urban,10250,350,324,354,2704,1554,307,1230,641,579,448,497
NORD-OUEST,MBENGWI,Munam,1592,54,50,55,420,241,48,191,100,90,70,77
NORD-OUEST,MBENGWI,Ngyen mbo,1561,53,49,54,412,237,47,187,98,88,68,76
NORD-OUEST,MBENGWI,Njah etu,2398,82,76,83,633,364,72,288,150,135,105,116
NORD-OUEST,MBENGWI,Njindom,4117,140,130,142,1086,624,123,494,258,233,180,200
NORD-OUEST,MBENGWI,Nkon mengom,1790,61,57,62,472,271,54,215,112,101,78,87
NORD-OUEST,MBENGWI,Teze,3386,115,107,117,893,513,101,406,212,191,148,164
NORD-OUEST,MBENGWI,Tinechung,1118,38,35,39,295,170,34,134,70,63,49,54
NORD-OUEST,NDOP,Baba 1,23388,798,740,808,6171,3546,701,2806,1464,1321,1023,1135
NORD-OUEST,NDOP,Babessi,14158,483,448,489,3735,2147,424,1699,886,800,619,687
NORD-OUEST,NDOP,Babungo,14124,482,447,488,3726,2141,423,1694,884,798,618,685
NORD-OUEST,NDOP,Bafanji,16276,555,515,562,4294,2468,488,1953,1019,919,712,790
NORD-OUEST,NDOP,Balikumbat,11526,393,365,398,3041,1747,345,1383,721,651,504,559
NORD-OUEST,NDOP,Bamali,8099,276,256,280,2137,1228,243,972,507,457,354,393
NORD-OUEST,NDOP,Bambalang,18288,624,579,632,4825,2773,548,2194,1144,1033,800,887
NORD-OUEST,NDOP,Bamessing,11808,403,374,408,3115,1790,354,1417,739,667,517,573
NORD-OUEST,NDOP,Bamunka rural,7351,251,233,254,1939,1114,220,882,460,415,322,357
NORD-OUEST,NDOP,Bamunka urban,36806,1256,1165,1272,9711,5580,1103,4416,2303,2079,1610,1785
NORD-OUEST,NDOP,Bamunkumbit,7351,251,233,254,1939,1114,220,882,460,415,322,357
NORD-OUEST,NDOP,Bangolan,10136,346,321,350,2674,1537,304,1216,634,573,443,492
NORD-OUEST,NDOP,Mbangsalle,6420,219,203,222,1694,973,192,770,402,363,281,311
NORD-OUEST,NDOP,Mbissa,3178,108,101,110,838,482,95,381,199,180,139,154
NORD-OUEST,NDOP,Mighang,4207,144,133,145,1110,638,126,505,263,238,184,204
NORD-OUEST,NDU,kakar,6407,219,203,221,1690,971,192,769,401,362,280,311
NORD-OUEST,NDU,Luh,10415,355,330,360,2748,1579,312,1249,652,588,456,505
NORD-OUEST,NDU,Mangu,7484,255,237,259,1975,1135,224,898,468,423,327,363
NORD-OUEST,NDU,Mbawrong,3655,125,116,126,964,554,110,439,229,206,160,177
NORD-OUEST,NDU,Mbiyeh,4110,140,130,142,1084,623,123,493,257,232,180,199
NORD-OUEST,NDU,Mbongong,7334,250,232,253,1935,1112,220,880,459,414,321,356
NORD-OUEST,NDU,Ndu urban,17308,590,548,598,4567,2624,519,2076,1083,978,757,840
NORD-OUEST,NDU,Ntumbaw,9490,324,300,328,2504,1439,284,1138,594,536,415,460
NORD-OUEST,NDU,Sop (Ndu),4071,139,129,141,1074,617,122,488,255,230,178,197
NORD-OUEST,NJIKWA,Akanunku,4896,167,155,169,1292,742,147,587,306,277,214,237
NORD-OUEST,NJIKWA,Bassa,2509,86,79,87,662,380,75,301,157,142,110,122
NORD-OUEST,NJIKWA,Konda,3626,124,115,125,957,550,109,435,227,205,159,176
NORD-OUEST,NJIKWA,Kuttin,905,31,29,31,239,137,27,109,57,51,40,44
NORD-OUEST,NJIKWA,Njikwa,5704,195,180,197,1505,865,171,684,357,322,250,277
NORD-OUEST,NJIKWA,Oshie,5206,178,165,180,1374,789,156,625,326,294,228,253
NORD-OUEST,NKAMBE,Bih,6408,219,203,221,1691,971,192,769,401,362,280,311
NORD-OUEST,NKAMBE,Binka,9980,340,316,345,2633,1513,299,1197,625,564,437,484
NORD-OUEST,NKAMBE,Binshua,4471,153,141,155,1180,678,134,536,280,253,196,217
NORD-OUEST,NKAMBE,Bua-bua,1075,37,34,37,284,163,32,129,67,61,47,52
NORD-OUEST,NKAMBE,Dumbu,8685,296,275,300,2292,1317,260,1042,544,491,380,421
NORD-OUEST,NKAMBE,Fonfuka,8935,305,283,309,2357,1355,268,1072,559,505,391,433
NORD-OUEST,NKAMBE,Kom,10081,344,319,348,2660,1528,302,1209,631,569,441,489
NORD-OUEST,NKAMBE,Lus,7734,264,245,267,2041,1173,232,928,484,437,338,375
NORD-OUEST,NKAMBE,Mbot,4903,167,155,169,1294,743,147,588,307,277,215,238
NORD-OUEST,NKAMBE,Misaje,17251,588,546,596,4551,2615,517,2070,1080,974,755,837
NORD-OUEST,NKAMBE,Njap,4357,149,138,151,1149,661,131,523,273,246,191,211
NORD-OUEST,NKAMBE,Nkambe urban,26769,913,847,925,7062,4058,802,3211,1675,1512,1171,1299
NORD-OUEST,NKAMBE,Tabenken,9022,308,285,312,2380,1368,270,1082,565,510,395,438
NORD-OUEST,NKAMBE,Wat,6894,235,218,238,1819,1045,207,827,431,389,302,334
NORD-OUEST,NWA,Gom,7262,248,230,251,1916,1101,218,871,454,410,318,352
NORD-OUEST,NWA,Lih (Nwa),9027,308,286,312,2382,1369,271,1083,565,510,395,438
NORD-OUEST,NWA,Ngu,14415,492,456,498,3803,2185,432,1729,902,814,631,699
NORD-OUEST,NWA,Ntem,7275,248,230,251,1919,1103,218,873,455,411,318,353
NORD-OUEST,NWA,Ntong,12958,442,410,448,3419,1965,388,1555,811,732,567,629
NORD-OUEST,NWA,Nwa (Nwa),7458,254,236,258,1968,1131,224,895,467,421,326,362
NORD-OUEST,NWA,Yang,2537,87,80,88,669,385,76,304,159,143,111,123
NORD-OUEST,OKU,Djottin,9102,310,288,315,2401,1380,273,1092,570,514,398,442
NORD-OUEST,OKU,Elak,6499,222,206,225,1715,985,195,780,407,367,284,315
NORD-OUEST,OKU,Ibal,4329,148,137,150,1142,656,130,519,271,245,189,210
NORD-OUEST,OKU,Ichim,5548,189,176,192,1464,841,166,666,347,313,243,269
NORD-OUEST,OKU,Jikijem,9108,311,288,315,2403,1381,273,1093,570,514,399,442
NORD-OUEST,OKU,Kevu,7839,267,248,271,2068,1188,235,940,491,443,343,380
NORD-OUEST,OKU,Lassin,4357,149,138,151,1149,661,131,523,273,246,191,211
NORD-OUEST,OKU,Mboh,2552,87,81,88,673,387,76,306,160,144,112,124
NORD-OUEST,OKU,Ngeptang,1403,48,44,48,370,213,42,168,88,79,61,68
NORD-OUEST,OKU,Nkor,8907,304,282,308,2350,1350,267,1069,557,503,390,432
NORD-OUEST,OKU,Simonkoh,3470,118,110,120,915,526,104,416,217,196,152,168
NORD-OUEST,SANTA,Akum,4422,151,140,153,1167,670,133,531,277,250,193,215
NORD-OUEST,SANTA,Awing,9387,320,297,324,2476,1423,281,1126,587,530,411,455
NORD-OUEST,SANTA,Baligham,11792,402,373,408,3111,1788,353,1415,738,666,516,572
NORD-OUEST,SANTA,Buchi,7386,252,234,255,1949,1120,221,886,462,417,323,358
NORD-OUEST,SANTA,Mbeme,3784,129,120,131,998,574,113,454,237,214,166,184
NORD-OUEST,SANTA,Mbu,2179,74,69,75,575,330,65,261,136,123,95,106
NORD-OUEST,SANTA,Menka,8699,297,275,301,2295,1319,261,1044,544,491,381,422
NORD-OUEST,SANTA,Ndapang,6425,219,203,222,1695,974,193,771,402,363,281,312
NORD-OUEST,SANTA,Ntaw Mbei,5509,188,174,190,1453,835,165,661,345,311,241,267
NORD-OUEST,SANTA,Ntoh,4196,143,133,145,1107,636,126,503,263,237,184,204
NORD-OUEST,SANTA,Pinyin,5736,196,182,198,1513,870,172,688,359,324,251,278
NORD-OUEST,SANTA,Santa urban,9101,310,288,314,2401,1380,273,1092,569,514,398,441
NORD-OUEST,TUBAH,Baforkum,2334,80,74,81,616,354,70,280,146,132,102,113
NORD-OUEST,TUBAH,Bambili,17833,608,564,616,4705,2704,534,2139,1116,1007,780,865
NORD-OUEST,TUBAH,Bambui (Tubah),13342,455,422,461,3520,2023,400,1601,835,754,584,647
NORD-OUEST,TUBAH,Finge,1227,42,39,42,324,186,37,147,77,69,54,60
NORD-OUEST,TUBAH,Kedjom keku,5784,197,183,200,1526,877,173,694,362,327,253,281
NORD-OUEST,TUBAH,Kedjom ketinguh,4286,146,136,148,1131,650,128,514,268,242,188,208
NORD-OUEST,TUBAH,Kwighe,4810,164,152,166,1269,729,144,577,301,272,210,233
NORD-OUEST,TUBAH,Lih (Tubah),3238,110,102,112,854,491,97,388,203,183,142,157
NORD-OUEST,TUBAH,Ntehmbang,1439,49,46,50,380,218,43,173,90,81,63,70
NORD-OUEST,TUBAH,Sabga,3387,116,107,117,894,513,102,406,212,191,148,164
NORD-OUEST,TUBAH,Tikebeng,4128,141,131,143,1089,626,124,495,258,233,181,200
NORD-OUEST,WUM,Abar,9462,323,299,327,2497,1435,284,1135,592,535,414,459
NORD-OUEST,WUM,Bafmen,19427,663,615,671,5126,2945,582,2331,1216,1097,850,942
NORD-OUEST,WUM,Bu,4553,155,144,157,1201,690,136,546,285,257,199,221
NORD-OUEST,WUM,Esu,13016,444,412,450,3434,1973,390,1562,815,735,570,631
NORD-OUEST,WUM,Furuawa,6559,224,208,227,1731,994,197,787,410,371,287,318
NORD-OUEST,WUM,Furubana Badji,1525,52,48,53,402,231,46,183,95,86,67,74
NORD-OUEST,WUM,Ise,3633,124,115,126,958,551,109,436,227,205,159,176
NORD-OUEST,WUM,Kpep,1741,59,55,60,459,264,52,209,109,98,76,84
NORD-OUEST,WUM,Kumfutu,5058,173,160,175,1334,767,152,607,316,286,221,245
NORD-OUEST,WUM,Munkep,1622,55,51,56,428,246,49,195,101,92,71,79
NORD-OUEST,WUM,St Martin,3036,104,96,105,801,460,91,364,190,172,133,147
NORD-OUEST,WUM,Weh azoh,7773,265,246,269,2051,1178,233,933,486,439,340,377
NORD-OUEST,WUM,Wum urban,32508,1109,1029,1123,8577,4929,974,3900,2034,1836,1422,1577
NORD-OUEST,WUM,Yemge,4006,137,127,138,1057,607,120,481,251,226,175,194
NORD-OUEST,WUM,Zhoa,1690,58,53,58,446,256,51,203,106,95,74,82
OUEST,BAFANG,Baboate,4248,172,175,175,982,797,163,622,292,254,191,219
OUEST,BAFANG,Baboutcha-Fongam,2002,81,82,82,463,376,77,293,138,120,90,103
OUEST,BAFANG,Baboutcheu-Ngaleu,5760,233,237,237,1332,1081,221,844,396,344,258,298
OUEST,BAFANG,Bafang-Chefferie,7104,287,292,292,1643,1333,273,1041,488,425,319,367
OUEST,BAFANG,Bakou,3054,124,126,126,706,573,117,448,210,183,137,158
OUEST,BAFANG,Bana,7676,311,316,316,1775,1440,295,1125,527,459,344,397
OUEST,BAFANG,Manila,13487,546,554,555,3118,2531,518,1976,927,806,605,697
OUEST,BAFANG,Mouankeu,19984,809,822,822,4620,3750,767,2928,1373,1194,896,1032
OUEST,BAFANG,Ndokovi,19560,792,804,805,4522,3670,751,2866,1344,1169,877,1011
OUEST,BAHAM,Baham,9200,372,378,379,2127,1726,353,1348,632,550,413,475
OUEST,BAHAM,Bahiala Cheffou,4832,196,199,199,1117,907,186,708,332,289,217,250
OUEST,BAHAM,Bametchoue Fodom,2243,91,92,92,519,421,86,329,154,134,101,116
OUEST,BAHAM,Bangou-Carrefour,7090,287,291,292,1639,1330,272,1039,487,424,318,366
OUEST,BAHAM,Bangou-Ville,5627,228,231,232,1301,1056,216,824,387,336,252,291
OUEST,BAHAM,Bapa Bametchetcha,4709,191,194,194,1089,884,181,690,324,281,211,243
OUEST,BAHAM,Batie,6788,275,279,279,1569,1274,261,995,466,406,304,351
OUEST,BAHAM,Kassim,3820,155,157,157,883,717,147,560,262,228,171,197
OUEST,BAHAM,Ngougoua,2966,120,122,122,686,557,114,435,204,177,133,153
OUEST,BAMENDJOU,Baboum,3061,124,126,126,708,574,118,449,210,183,137,158
OUEST,BAMENDJOU,Bahouan 1,3755,152,154,155,868,705,144,550,258,224,168,194
OUEST,BAMENDJOU,Bahouan 2,2707,110,111,111,626,508,104,397,186,162,121,140
OUEST,BAMENDJOU,Balatsit,3030,123,125,125,700,568,116,444,208,181,136,157
OUEST,BAMENDJOU,Bameka,10742,435,442,442,2484,2016,412,1574,738,642,482,555
OUEST,BAMENDJOU,Bamendjou,10566,428,434,435,2443,1982,406,1548,726,631,474,546
OUEST,BAMENDJOU,Bangam,2479,100,102,102,573,465,95,363,170,148,111,128
OUEST,BAMENDJOU,Batchoum,4052,164,167,167,937,760,156,594,278,242,182,209
OUEST,BAMENDJOU,Ngouang,3032,123,125,125,701,569,116,444,208,181,136,157
OUEST,BANDJA,Babouantou,4483,181,184,184,1036,841,172,657,308,268,201,232
OUEST,BANDJA,Bandja-Chefferie,4630,187,190,191,1070,869,178,678,318,277,208,239
OUEST,BANDJA,Bandja-Ville,6203,251,255,255,1434,1164,238,909,426,371,278,320
OUEST,BANDJA,Baving,718,29,30,30,166,135,28,105,49,43,32,37
OUEST,BANDJA,Fondanti,2377,96,98,98,550,446,91,348,163,142,107,123
OUEST,BANDJA,Fondjomekwet,4171,169,171,172,964,783,160,611,287,249,187,215
OUEST,BANDJA,Fotouni,6340,257,261,261,1466,1190,243,929,436,379,284,328
OUEST,BANDJOUN,Batoufam,8391,340,345,345,1940,1574,322,1229,577,501,376,434
OUEST,BANDJOUN,Bayagam,9418,381,387,388,2178,1767,362,1380,647,563,422,487
OUEST,BANDJOUN,Demdeng,4714,191,194,194,1090,884,181,691,324,282,211,244
OUEST,BANDJOUN,Dja,13891,562,571,572,3212,2606,533,2035,954,830,623,718
OUEST,BANDJOUN,Djiomghouo,6397,259,263,263,1479,1200,246,937,440,382,287,330
OUEST,BANDJOUN,Famla 2,6267,254,258,258,1449,1176,241,918,431,375,281,324
OUEST,BANDJOUN,Ha'a,5993,243,246,247,1386,1124,230,878,412,358,269,310
OUEST,BANDJOUN,Mbouo,7686,311,316,316,1777,1442,295,1126,528,459,345,397
OUEST,BANDJOUN,Pete,10839,439,446,446,2506,2034,416,1588,745,648,486,560
OUEST,BANDJOUN,Semto,6254,253,257,257,1446,1173,240,916,430,374,280,323
OUEST,BANDJOUN,Tesse,5191,210,213,214,1200,974,199,761,357,310,233,268
OUEST,BANDJOUN,Tsela,6055,245,249,249,1400,1136,232,887,416,362,272,313
OUEST,BANDJOUN,Yom,8262,334,340,340,1910,1550,317,1211,568,494,371,427
OUEST,BANGANGTE,Bakong (Bangangte),1190,48,49,49,275,223,46,174,82,71,53,61
OUEST,BANGANGTE,Balengou,4991,202,205,205,1154,936,192,731,343,298,224,258
OUEST,BANGANGTE,Bamena,8373,339,344,345,1936,1571,321,1227,575,500,376,433
OUEST,BANGANGTE,Badounga,3302,134,136,136,763,620,127,484,227,197,148,171
OUEST,BANGANGTE,Bangang-Fokam,1482,60,61,61,343,278,57,217,102,89,66,77
OUEST,BANGANGTE,Bangangte,36632,1482,1506,1508,8469,6874,1406,5368,2517,2189,1643,1893
OUEST,BANGANGTE,Bangoua,6674,270,274,275,1543,1252,256,978,459,399,299,345
OUEST,BANGANGTE,Bangoulap,4183,169,172,172,967,785,161,613,287,250,188,216
OUEST,BANGANGTE,Bantoum 1,9701,393,399,399,2243,1820,372,1421,667,580,435,501
OUEST,BANGANGTE,Bassamba,3905,158,161,161,903,733,150,572,268,233,175,202
OUEST,BANGANGTE,Batchingou,2260,91,93,93,522,424,87,331,155,135,101,117
OUEST,BANGANGTE,Bazou,7670,310,315,316,1773,1439,294,1124,527,458,344,396
OUEST,BANGANGTE,Feugnoun,3005,122,124,124,695,564,115,440,206,180,135,155
OUEST,BANGANGTE,Ndipta 3,2208,89,91,91,510,414,85,323,152,132,99,114
OUEST,BANGANGTE,Projet Route du Noun,3765,152,155,155,870,706,145,552,259,225,169,195
OUEST,BANGANGTE,Tonga,19424,786,799,799,4491,3645,746,2846,1335,1161,871,1004
OUEST,BANGANGTE,Toukop,2978,120,122,123,688,559,114,436,205,178,134,154
OUEST,BANGOURAIN,Bangambi,5929,240,244,244,1371,1112,228,869,407,354,266,306
OUEST,BANGOURAIN,Bangourain,24441,989,1005,1006,5651,4586,938,3581,1679,1461,1096,1263
OUEST,BANGOURAIN,Kouhouat,6017,244,247,248,1391,1129,231,882,413,360,270,311
OUEST,BANGOURAIN,Koumengba,8774,355,361,361,2029,1646,337,1286,603,524,394,453
OUEST,BANGOURAIN,Kourom,3940,159,162,162,911,739,151,577,271,235,177,204
OUEST,BANGOURAIN,Koutoukpi,4216,171,173,173,975,791,162,618,290,252,189,218
OUEST,BATCHAM,Baladjeutsa,8286,335,341,341,1916,1555,318,1214,569,495,372,428
OUEST,BATCHAM,Baleghang,5661,229,233,233,1309,1062,217,829,389,338,254,292
OUEST,BATCHAM,Balena,6373,258,262,262,1474,1196,245,934,438,381,286,329
OUEST,BATCHAM,Bambi (Batcham),4281,173,176,176,990,803,164,627,294,256,192,221
OUEST,BATCHAM,Bamougong,10736,434,441,442,2482,2015,412,1573,738,642,482,555
OUEST,BATCHAM,Bangang Chefferie Est,8567,347,352,353,1981,1607,329,1255,589,512,384,443
OUEST,BATCHAM,Bangang Chefferie Ouest,6510,263,268,268,1505,1222,250,954,447,389,292,336
OUEST,BATCHAM,Batcham Chefferie,12933,523,532,532,2990,2427,497,1895,889,773,580,668
OUEST,BATCHAM,Batcham Fiela,11294,457,464,465,2611,2119,434,1655,776,675,507,583
OUEST,BATCHAM,Batcham Ville,6953,281,286,286,1608,1305,267,1019,478,416,312,359
OUEST,BATCHAM,Batsintchuet,4726,191,194,194,1093,887,181,692,325,282,212,244
OUEST,BATCHAM,Nzindong,6407,259,263,264,1481,1202,246,939,440,383,287,331
OUEST,DSCHANG,Baleveng,16394,663,674,675,3790,3076,629,2402,1126,980,735,847
OUEST,DSCHANG,Balevoni,2170,88,89,89,502,407,83,318,149,130,97,112
OUEST,DSCHANG,Doumbouo,11184,453,460,460,2586,2099,429,1639,769,668,502,578
OUEST,DSCHANG,Fiala Foreke,43397,1756,1784,1786,10033,8143,1666,6359,2982,2594,1946,2242
OUEST,DSCHANG,Fokoue,5953,241,245,245,1376,1117,229,872,409,356,267,308
OUEST,DSCHANG,Fometa,19739,799,811,812,4564,3704,758,2892,1356,1180,885,1020
OUEST,DSCHANG,Fomopea,2258,91,93,93,522,424,87,331,155,135,101,117
OUEST,DSCHANG,Fonakeukeu,5349,216,220,220,1237,1004,205,784,368,320,240,276
OUEST,DSCHANG,Fondonera,7593,307,312,312,1756,1425,292,1113,522,454,341,392
OUEST,DSCHANG,Fongo-Ndeng,6515,264,268,268,1506,1223,250,955,448,389,292,337
OUEST,DSCHANG,Fontsa Touala,2805,113,115,115,648,526,108,411,193,168,126,145
OUEST,DSCHANG,Fotsetsa,3393,137,139,140,784,637,130,497,233,203,152,175
OUEST,DSCHANG,Latchouet,4175,169,172,172,965,783,160,612,287,250,187,216
OUEST,DSCHANG,Lepoh,13172,533,542,542,3045,2472,506,1930,905,787,591,681
OUEST,DSCHANG,Lingang-Foto,4939,200,203,203,1142,927,190,724,339,295,222,255
OUEST,DSCHANG,Maka,14025,568,577,577,3243,2632,538,2055,964,838,629,725
OUEST,DSCHANG,Mbeng,20286,821,834,835,4690,3806,779,2972,1394,1212,910,1048
OUEST,DSCHANG,Mboua,8089,327,333,333,1870,1518,311,1185,556,483,363,418
OUEST,DSCHANG,Mekouale,6995,283,288,288,1617,1313,269,1025,481,418,314,361
OUEST,DSCHANG,Ndoh-Djutsitsa,13863,561,570,571,3205,2601,532,2031,953,829,622,716
OUEST,DSCHANG,Nkeuli,2545,103,105,105,588,478,98,373,175,152,114,131
OUEST,DSCHANG,Siteu,28344,1147,1165,1166,6553,5318,1088,4153,1948,1694,1271,1464
OUEST,FOUMBAN,Bafole,7961,322,327,328,1841,1494,306,1167,547,476,357,411
OUEST,FOUMBAN,Foumban Nord,21616,875,889,890,4998,4056,830,3167,1485,1292,969,1117
OUEST,FOUMBAN,Foumban Ouest,27843,1127,1145,1146,6437,5224,1069,4080,1913,1664,1249,1439
OUEST,FOUMBAN,Foumban Sud,37713,1526,1550,1552,8719,7076,1448,5526,2591,2254,1691,1948
OUEST,FOUMBAN,Foyet,7565,306,311,311,1749,1419,290,1108,520,452,339,391
OUEST,FOUMBAN,Kouchankap,6301,255,259,259,1457,1182,242,923,433,377,283,326
OUEST,FOUMBAN,Kouffen,8223,333,338,338,1901,1543,316,1205,565,491,369,425
OUEST,FOUMBAN,Koundja,10865,440,447,447,2512,2039,417,1592,747,649,487,561
OUEST,FOUMBAN,Koupa Kagnam,25123,1017,1033,1034,5808,4714,965,3681,1726,1501,1127,1298
OUEST,FOUMBAN,Koupa Matapit,17133,693,704,705,3961,3215,658,2510,1177,1024,768,885
OUEST,FOUMBAN,Koutie,5635,228,232,232,1303,1057,216,826,387,337,253,291
OUEST,FOUMBAN,Mambain,5828,236,240,240,1348,1094,224,854,400,348,261,301
OUEST,FOUMBAN,Mancha,4692,190,193,193,1085,880,180,688,322,280,210,242
OUEST,FOUMBAN,Mapouoche Magham,2062,83,85,85,477,387,79,302,142,123,92,107
OUEST,FOUMBAN,Mataket,12924,523,531,532,2988,2425,496,1894,888,772,580,668
OUEST,FOUMBAN,Matoumbain,7830,317,322,322,1810,1469,301,1147,538,468,351,405
OUEST,FOUMBAN,Mayap,10703,433,440,440,2474,2008,411,1568,735,640,480,553
OUEST,FOUMBAN,Njimom,15010,607,617,618,3470,2817,576,2199,1031,897,673,776
OUEST,FOUMBAN,Njindare,10254,415,422,422,2371,1924,394,1502,705,613,460,530
OUEST,FOUMBAN,Njisse,14978,606,616,616,3463,2810,575,2195,1029,895,672,774
OUEST,FOUMBOT,Baigom 1,9111,369,375,375,2106,1709,350,1335,626,544,409,471
OUEST,FOUMBOT,Baigom 2,4975,201,205,205,1150,933,191,729,342,297,223,257
OUEST,FOUMBOT,Fosset,26824,1085,1103,1104,6202,5033,1030,3930,1843,1603,1203,1386
OUEST,FOUMBOT,Foumbot 1,23776,962,977,978,5497,4461,913,3484,1634,1421,1066,1228
OUEST,FOUMBOT,Foumbot 2,14204,575,584,585,3284,2665,545,2081,976,849,637,734
OUEST,FOUMBOT,Foumbot 3,16050,649,660,661,3711,3012,616,2352,1103,959,720,829
OUEST,FOUMBOT,Foumbot 4,18381,744,756,756,4250,3449,706,2693,1263,1099,824,950
OUEST,FOUMBOT,Foumbot 5,12694,514,522,522,2935,2382,487,1860,872,759,569,656
OUEST,FOUMBOT,Maka 2,8365,339,344,344,1934,1570,321,1226,575,500,375,432
OUEST,FOUMBOT,Momo,2817,114,116,116,651,529,108,413,194,168,126,146
OUEST,FOUMBOT,Njone,1069,43,44,44,247,200,41,157,73,64,48,55
OUEST,GALIM,Bagam,10477,424,431,431,2422,1966,402,1535,720,626,470,541
OUEST,GALIM,Bagam Est,3502,142,144,144,810,657,134,513,241,209,157,181
OUEST,GALIM,Bagam Nord,3691,149,152,152,853,693,142,541,254,221,166,191
OUEST,GALIM,Bamendjing,11984,485,493,493,2771,2249,460,1756,823,716,537,619
OUEST,GALIM,Bamenyam,7303,296,300,301,1688,1370,280,1070,502,436,328,377
OUEST,GALIM,Bati,5907,239,243,243,1366,1108,227,866,406,353,265,305
OUEST,GALIM,Galim,14381,582,591,592,3325,2698,552,2107,988,859,645,743
OUEST,GALIM,Galim-Est,3354,136,138,138,775,629,129,491,230,200,150,173
OUEST,GALIM,Menfoung,7495,303,308,308,1733,1406,288,1098,515,448,336,387
OUEST,KEKEM,Balembo,6801,275,280,280,1572,1276,261,996,467,406,305,351
OUEST,KEKEM,Bamengui,3429,139,141,141,793,644,132,503,236,205,154,177
OUEST,KEKEM,Bangui-Chari,5890,238,242,242,1362,1105,226,863,405,352,264,304
OUEST,KEKEM,Banwa,2987,121,123,123,691,560,115,438,205,179,134,154
OUEST,KEKEM,Bapoungue,4419,179,182,182,1022,829,170,648,304,264,198,228
OUEST,KEKEM,Bayon,3869,157,159,159,895,726,149,567,266,231,174,200
OUEST,KEKEM,Kekem,16712,676,687,688,3864,3136,642,2449,1148,999,750,863
OUEST,KEKEM,Mboebo,5029,203,207,207,1163,944,193,737,346,301,226,260
OUEST,KOUOPTAMO,Chanas,9901,401,407,407,2289,1858,380,1451,680,592,444,512
OUEST,KOUOPTAMO,Kouoptamo,18479,748,760,760,4272,3467,709,2708,1270,1104,829,955
OUEST,KOUOPTAMO,Koupara,8840,358,363,364,2044,1659,339,1295,607,528,396,457
OUEST,KOUOPTAMO,Ngbetsoueen,11317,458,465,466,2617,2124,435,1658,778,676,508,585
OUEST,KOUOPTAMO,Njindoun,5704,231,234,235,1319,1070,219,836,392,341,256,295
OUEST,KOUOPTAMO,Njingoumbe,6420,260,264,264,1484,1205,247,941,441,384,288,332
OUEST,KOUOPTAMO,Njintapon,11189,453,460,460,2587,2100,430,1640,769,669,502,578
OUEST,MALANTOUEN,Fejemkwet,4924,199,202,203,1139,924,189,722,338,294,221,254
OUEST,MALANTOUEN,Koula,12765,517,525,525,2951,2395,490,1870,877,763,573,660
OUEST,MALANTOUEN,Magba,24463,990,1006,1007,5656,4590,939,3584,1681,1462,1097,1264
OUEST,MALANTOUEN,Mahoua,5384,218,221,222,1245,1010,207,789,370,322,241,278
OUEST,MALANTOUEN,Makoutam,5768,233,237,237,1334,1082,221,845,396,345,259,298
OUEST,MALANTOUEN,Makpa,5442,220,224,224,1258,1021,209,797,374,325,244,281
OUEST,MALANTOUEN,Malantouen,19141,775,787,788,4425,3592,735,2805,1315,1144,858,989
OUEST,MALANTOUEN,Malien,5831,236,240,240,1348,1094,224,854,401,349,262,301
OUEST,MALANTOUEN,Manda,11342,459,466,467,2622,2128,435,1662,779,678,509,586
OUEST,MALANTOUEN,Manguiembou,6460,261,266,266,1494,1212,248,947,444,386,290,334
OUEST,MALANTOUEN,Manjouom,2065,84,85,85,478,388,79,303,142,123,93,107
OUEST,MALANTOUEN,Manki 2,5400,219,222,222,1248,1013,207,791,371,323,242,279
OUEST,MALANTOUEN,Mantoum,5235,212,215,215,1210,982,201,767,360,313,235,270
OUEST,MALANTOUEN,Mapou Njipoute,5633,228,232,232,1302,1057,216,825,387,337,253,291
OUEST,MALANTOUEN,Matoupou,6415,260,264,264,1483,1204,246,940,441,383,288,331
OUEST,MALANTOUEN,Matta Barrage,13075,529,538,538,3023,2453,502,1916,898,781,586,676
OUEST,MALANTOUEN,Mayo,7660,310,315,315,1771,1437,294,1122,526,458,344,396
OUEST,MALANTOUEN,Ngounso,6237,252,256,257,1442,1170,239,914,429,373,280,322
OUEST,MASSANGAM,Magna,1955,79,80,80,452,367,75,286,134,117,88,101
OUEST,MASSANGAM,Makom,5572,225,229,229,1288,1045,214,816,383,333,250,288
OUEST,MASSANGAM,Malanden,7022,284,289,289,1623,1318,270,1029,482,420,315,363
OUEST,MASSANGAM,Mamognan,5880,238,242,242,1360,1103,226,862,404,351,264,304
OUEST,MASSANGAM,Mansouen,4469,181,184,184,1033,839,172,655,307,267,200,231
OUEST,MASSANGAM,Massangam,22818,923,938,939,5276,4282,876,3343,1568,1364,1023,1179
OUEST,MASSANGAM,Matoufa,3813,154,157,157,882,715,146,559,262,228,171,197
OUEST,MASSANGAM,Mayakoue,4457,180,183,183,1030,836,171,653,306,266,200,230
OUEST,MBOUDA,Babete,7180,291,295,295,1660,1347,276,1052,493,429,322,371
OUEST,MBOUDA,Bafounda,12936,523,532,532,2991,2427,497,1895,889,773,580,668
OUEST,MBOUDA,Balatchi,9096,368,374,374,2103,1707,349,1333,625,544,408,470
OUEST,MBOUDA,Balepo,17172,695,706,707,3970,3222,659,2516,1180,1026,770,887
OUEST,MBOUDA,Bamelo,7721,312,317,318,1785,1449,296,1131,531,461,346,399
OUEST,MBOUDA,Bamendjinda,14666,593,603,604,3391,2752,563,2149,1008,877,658,758
OUEST,MBOUDA,Bamenkombo,11860,480,488,488,2742,2225,455,1738,815,709,532,613
OUEST,MBOUDA,Bamesso,4516,183,186,186,1044,847,173,662,310,270,203,233
OUEST,MBOUDA,Mbouda Nord,34473,1395,1417,1419,7970,6468,1324,5051,2369,2060,1546,1781
OUEST,MBOUDA,Mbouda-Ouest,24849,1006,1022,1023,5745,4663,954,3641,1707,1485,1114,1284
OUEST,MBOUDA,Mbouda Sud,34443,1394,1416,1417,7963,6463,1322,5047,2367,2059,1545,1780
OUEST,MBOUDA,Toumaka,18163,735,747,747,4199,3408,697,2661,1248,1086,815,938
OUEST,MIFI,Badiembou,17872,723,735,736,4132,3354,686,2619,1228,1068,802,923
OUEST,MIFI,Bapi,4958,201,204,204,1146,930,190,726,341,296,222,256
OUEST,MIFI,Batoukop,10212,413,420,420,2361,1916,392,1496,702,610,458,528
OUEST,MIFI,Baye,3668,148,151,151,848,688,141,537,252,219,164,189
OUEST,MIFI,Djeleng,79017,3198,3248,3252,18269,14826,3034,11578,5430,4722,3544,4082
OUEST,MIFI,Djietcha,8864,359,364,365,2049,1663,340,1299,609,530,398,458
OUEST,MIFI,Djunang,4453,180,183,183,1030,836,171,652,306,266,200,230
OUEST,MIFI,Famla,40336,1632,1658,1660,9326,7569,1549,5910,2772,2411,1809,2084
OUEST,MIFI,Famtchouet Baleng,5713,231,235,235,1321,1072,219,837,393,341,256,295
OUEST,MIFI,Kamkop,31378,1270,1290,1291,7255,5888,1205,4598,2156,1875,1407,1621
OUEST,MIFI,Keuleu,4422,179,182,182,1022,830,170,648,304,264,198,228
OUEST,MIFI,King Place,61136,2474,2513,2516,14135,11471,2347,8958,4201,3654,2742,3159
OUEST,MIFI,Kongso Bamougoum,9534,386,392,392,2204,1789,366,1397,655,570,428,493
OUEST,MIFI,Kouogouo,28077,1136,1154,1155,6491,5268,1078,4114,1929,1678,1259,1451
OUEST,MIFI,Lafe baleng,34535,1398,1420,1421,7985,6480,1326,5060,2373,2064,1549,1784
OUEST,MIFI,Tchada,4284,173,176,176,991,804,164,628,294,256,192,221
OUEST,MIFI,Tocket,14081,570,579,579,3256,2642,541,2063,968,842,632,728
OUEST,MIFI,Tyo,62970,2548,2589,2591,14559,11816,2418,9227,4327,3763,2824,3253
OUEST,MIFI,Wouong,5565,225,229,229,1287,1044,214,815,382,333,250,287
OUEST,MIFI,Yagou,19988,809,822,823,4621,3750,767,2929,1373,1195,896,1033
OUEST,PENKA_MICHEL,Badjegang,2434,98,100,100,563,457,93,357,167,145,109,126
OUEST,PENKA_MICHEL,Balefock,2687,109,110,111,621,504,103,394,185,161,121,139
OUEST,PENKA_MICHEL,Balessing,11078,448,455,456,2561,2079,425,1623,761,662,497,572
OUEST,PENKA_MICHEL,Baloum,3736,151,154,154,864,701,143,547,257,223,168,193
OUEST,PENKA_MICHEL,Bambi (Penka Michel),3751,152,154,154,867,704,144,550,258,224,168,194
OUEST,PENKA_MICHEL,Bamendou-Chefferie,8374,339,344,345,1936,1571,322,1227,575,500,376,433
OUEST,PENKA_MICHEL,Bamendou 2,4908,199,202,202,1135,921,188,719,337,293,220,254
OUEST,PENKA_MICHEL,Bamendou Leo,12507,506,514,515,2892,2347,480,1833,859,748,561,646
OUEST,PENKA_MICHEL,Baneghang,11868,480,488,488,2744,2227,456,1739,816,709,532,613
OUEST,PENKA_MICHEL,Bani-Baloum,1448,59,60,60,335,272,56,212,99,87,65,75
OUEST,PENKA_MICHEL,Bansoa Chefferie,10173,412,418,419,2352,1909,391,1491,699,608,456,526
OUEST,PENKA_MICHEL,Batotcha,4637,188,191,191,1072,870,178,679,319,277,208,240
OUEST,PENKA_MICHEL,Centre urbain,10354,419,426,426,2394,1943,398,1517,711,619,464,535
OUEST,SANTCHOU,Bale,2654,107,109,109,614,498,102,389,182,159,119,137
OUEST,SANTCHOU,Echiock Ngah-Kou,3103,126,128,128,717,582,119,455,213,185,139,160
OUEST,SANTCHOU,Fombap,6716,272,276,276,1553,1260,258,984,461,401,301,347
OUEST,SANTCHOU,Ngwatta,4869,197,200,200,1126,914,187,713,335,291,218,252
OUEST,SANTCHOU,Santchou,21591,874,888,889,4992,4051,829,3164,1484,1290,968,1116
SUD,AMBAM,Abang Minko,7420,232,217,238,1644,1012,203,794,499,326,486,460
SUD,AMBAM,Ambam,36425,1138,1067,1166,8070,4967,996,3899,2448,1603,2387,2256
SUD,AMBAM,Evouzok,1178,37,35,38,261,161,32,126,79,52,77,73
SUD,AMBAM,Ma'an,5851,183,171,187,1296,798,160,626,393,257,383,362
SUD,AMBAM,Mbam Essa Obam,1948,61,57,62,432,266,53,209,131,86,128,121
SUD,AMBAM,Mebang,3402,106,100,109,754,464,93,364,229,150,223,211
SUD,AMBAM,Mefoup,2806,88,82,90,622,383,77,300,189,123,184,174
SUD,AMBAM,Mendjimi,3579,112,105,115,793,488,98,383,240,157,235,222
SUD,AMBAM,Messama ,2504,78,73,80,555,341,68,268,168,110,164,155
SUD,AMBAM,Meyo Centre,7812,244,229,250,1731,1065,214,836,525,344,512,484
SUD,AMBAM,Mfoua,2920,91,86,93,647,398,80,313,196,128,191,181
SUD,AMBAM,Minkan Mengale,2839,89,83,91,629,387,78,304,191,125,186,176
SUD,AMBAM,Ndjazeng,2383,74,70,76,528,325,65,255,160,105,156,148
SUD,AMBAM,Nong,1768,55,52,57,392,241,48,189,119,78,116,110
SUD,AMBAM,Nsessoum,3739,117,110,120,828,510,102,400,251,165,245,232
SUD,AMBAM,Nyabessang,3402,106,100,109,754,464,93,364,229,150,223,211
SUD,DJOUM,Alati,2088,65,61,67,463,285,57,224,140,92,137,129
SUD,DJOUM,Djoum,15602,487,457,499,3456,2127,427,1670,1048,686,1022,966
SUD,DJOUM,Mellen,4393,137,129,141,973,599,120,470,295,193,288,272
SUD,DJOUM,Mfem,2639,82,77,84,585,360,72,283,177,116,173,163
SUD,DJOUM,Mintom,5886,184,172,188,1304,803,161,630,395,259,386,365
SUD,DJOUM,Mveng,5513,172,162,176,1221,752,151,590,370,243,361,341
SUD,DJOUM,Nkolenyeng (Djoum),3205,100,94,103,710,437,88,343,215,141,210,199
SUD,DJOUM,Oveng Fang,4506,141,132,144,998,614,123,482,303,198,295,279
SUD,EBOLOWA,Abang,30256,945,887,969,6703,4126,827,3239,2033,1331,1983,1874
SUD,EBOLOWA,Biba 1,5519,172,162,177,1223,753,151,591,371,243,362,342
SUD,EBOLOWA,Bissam,4594,143,135,147,1018,626,126,492,309,202,301,285
SUD,EBOLOWA,Bitsogman,1706,53,50,55,378,233,47,183,115,75,112,106
SUD,EBOLOWA,Biwong Bane,6606,206,194,211,1464,901,181,707,444,291,433,409
SUD,EBOLOWA,Dispensaire Urbain,41189,1286,1207,1319,9125,5616,1126,4409,2768,1812,2699,2551
SUD,EBOLOWA,Doum,4965,155,145,159,1100,677,136,532,334,218,325,308
SUD,EBOLOWA,Efoulan (Ebolowa),12593,393,369,403,2790,1717,344,1348,846,554,825,780
SUD,EBOLOWA,Enongal,64194,2005,1881,2055,14221,8753,1756,6872,4313,2824,4207,3976
SUD,EBOLOWA,Ma'amezam,10061,314,295,322,2229,1372,275,1077,676,443,659,623
SUD,EBOLOWA,Mefo,6252,195,183,200,1385,853,171,669,420,275,410,387
SUD,EBOLOWA,Melangue 1,6785,212,199,217,1503,925,186,726,456,299,445,420
SUD,EBOLOWA,Mengong,11755,367,344,376,2604,1603,321,1258,790,517,770,728
SUD,EBOLOWA,Meyo Ville,5937,185,174,190,1315,809,162,636,399,261,389,368
SUD,EBOLOWA,Ngoulemakong (Ebolowa),9534,298,279,305,2112,1300,261,1021,641,419,625,591
SUD,EBOLOWA,Ngoulessaman,6866,214,201,220,1521,936,188,735,461,302,450,425
SUD,EBOLOWA,Nkoetye,5162,161,151,165,1144,704,141,553,347,227,338,320
SUD,EBOLOWA,Nnemeyong 3,5723,179,168,183,1268,780,157,613,385,252,375,354
SUD,EBOLOWA,Soumou,2967,93,87,95,657,405,81,318,199,131,194,184
SUD,KRIBI,Bandevouri,4450,139,130,142,986,607,122,476,299,196,292,276
SUD,KRIBI,Campo,6118,191,179,196,1355,834,167,655,411,269,401,379
SUD,KRIBI,Elog - Batindi,8203,256,240,263,1817,1119,224,878,551,361,538,508
SUD,KRIBI,Grand Batanga,9105,284,267,291,2017,1241,249,975,612,401,597,564
SUD,KRIBI,Kribi,76401,2386,2239,2446,16926,10418,2089,8179,5134,3362,5007,4732
SUD,KRIBI,Londji,10977,343,322,351,2432,1497,300,1175,738,483,719,680
SUD,KRIBI,Nkollo,3325,104,97,106,737,453,91,356,223,146,218,206
SUD,KYE-OSSI,Kye-Ossi Urbain,12590,393,369,403,2789,1717,344,1348,846,554,825,780
SUD,KYE-OSSI,Kye-Ossi Rural,6478,202,190,207,1435,883,177,693,435,285,425,401
SUD,KYE-OSSI,Meyo-Nkoulou,9228,288,270,295,2044,1258,252,988,620,406,605,572
SUD,KYE-OSSI,Mekomo,5361,167,157,172,1188,731,147,574,360,236,351,332
SUD,KYE-OSSI,Nsana,3886,121,114,124,861,530,106,416,261,171,255,241
SUD,LOLODORF,Akom Bikoe,3877,121,114,124,859,529,106,415,261,171,254,240
SUD,LOLODORF,Atog Boga,2286,71,67,73,507,312,63,245,154,101,150,142
SUD,LOLODORF,Bipindi,7551,236,221,242,1673,1030,207,808,507,332,495,468
SUD,LOLODORF,Elon,4628,145,136,148,1025,631,127,495,311,204,303,287
SUD,LOLODORF,Lolodorf,10085,315,296,323,2234,1375,276,1080,678,444,661,625
SUD,LOLODORF,Melondo,1453,45,43,47,322,198,40,156,98,64,95,90
SUD,LOLODORF,Mvengue,9477,296,278,303,2100,1292,259,1015,637,417,621,587
SUD,LOLODORF,Ngovayang,3165,99,93,101,701,432,87,339,213,139,207,196
SUD,LOLODORF,Nkoampoer,1619,51,47,52,359,221,44,173,109,71,106,100
SUD,MEYOMESSALA,Bengbis,8041,251,236,257,1781,1096,220,861,540,354,527,498
SUD,MEYOMESSALA,Ekong,5215,163,153,167,1155,711,143,558,350,229,342,323
SUD,MEYOMESSALA,Enyeng,4941,154,145,158,1095,674,135,529,332,217,324,306
SUD,MEYOMESSALA,Koum Yetotan,3124,98,92,100,692,426,85,334,210,137,205,193
SUD,MEYOMESSALA,Mbometa'a,5658,177,166,181,1253,771,155,606,380,249,371,350
SUD,MEYOMESSALA,Mekas,2962,92,87,95,656,404,81,317,199,130,194,183
SUD,MEYOMESSALA,Mengon,6461,202,189,207,1431,881,177,692,434,284,423,400
SUD,MEYOMESSALA,Messok (Meyomessala),8391,262,246,269,1859,1144,229,898,564,369,550,520
SUD,MEYOMESSALA,Meyomessala (Meyomessala),11852,370,347,379,2626,1616,324,1269,796,521,777,734
SUD,MEYOMESSALA,Ngoasse,3874,121,114,124,858,528,106,415,260,170,254,240
SUD,MEYOMESSALA,Nkolenyeng (Meyomessala),8859,277,260,284,1963,1208,242,948,595,390,581,549
SUD,MEYOMESSALA,Olembe,2831,88,83,91,627,386,77,303,190,125,186,175
SUD,MVANGAN,Amvom,4386,137,129,140,972,598,120,470,295,193,287,272
SUD,MVANGAN,Biwong Bulu,10023,313,294,321,2221,1367,274,1073,673,441,657,621
SUD,MVANGAN,Endengue,4293,134,126,137,951,585,117,460,288,189,281,266
SUD,MVANGAN,Koungoulou,5850,183,171,187,1296,798,160,626,393,257,383,362
SUD,MVANGAN,Mvangan,7516,235,220,241,1665,1025,206,805,505,331,493,466
SUD,MVANGAN,Nselang,5271,165,154,169,1168,719,144,564,354,232,345,326
SUD,NIETE,Hevecam 1,23405,731,686,749,5185,3191,640,2506,1573,1030,1534,1450
SUD,NIETE,Hevecam 2,21180,661,621,678,4692,2888,579,2267,1423,932,1388,1312
SUD,NIETE,Hevecam 3,12682,396,372,406,2809,1729,347,1358,852,558,831,786
SUD,NIETE,Adjap,4324,135,127,138,958,590,118,463,291,190,283,268
SUD,NIETE,Akom 2,18641,582,546,597,4130,2542,510,1996,1253,820,1222,1155
SUD,NIETE,Socapalm,7641,239,224,245,1693,1042,209,818,513,336,501,473
SUD,OLAMZE,Mekomengona,5923,185,174,190,1312,808,162,634,398,261,388,367
SUD,OLAMZE,Olamze,10567,330,310,338,2341,1441,289,1131,710,465,692,655
SUD,SANGMELIMA,Akomessing,4839,151,142,155,1072,660,132,518,325,213,317,300
SUD,SANGMELIMA,Akon,36456,1139,1068,1167,8076,4971,997,3903,2450,1604,2389,2258
SUD,SANGMELIMA,Avebe Esse,5299,165,155,170,1174,722,145,567,356,233,347,328
SUD,SANGMELIMA,Elom Yemfek,3427,107,100,110,759,467,94,367,230,151,225,212
SUD,SANGMELIMA,Meyomadjom,3742,117,110,120,829,510,102,401,251,165,245,232
SUD,SANGMELIMA,Meyomessi,5149,161,151,165,1141,702,141,551,346,227,337,319
SUD,SANGMELIMA,Mezesse,3626,113,106,116,803,494,99,388,244,160,238,225
SUD,SANGMELIMA,Nkolotou'outou,7315,228,214,234,1620,997,200,783,491,322,479,453
SUD,SANGMELIMA,Olounou,5942,186,174,190,1316,810,162,636,399,261,389,368
SUD,SANGMELIMA,Oveng Yemvak,6843,214,201,219,1516,933,187,733,460,301,448,424
SUD,SANGMELIMA,Nkolnguet,32257,1007,945,1033,7146,4398,882,3453,2167,1419,2114,1998
SUD,ZOETELE,Ebamina,3850,120,113,123,853,525,105,412,259,169,252,238
SUD,ZOETELE,Ekombite,4388,137,129,140,972,598,120,470,295,193,288,272
SUD,ZOETELE,Fibot,4558,142,134,146,1010,622,125,488,306,201,299,282
SUD,ZOETELE,Messam,3271,102,96,105,725,446,89,350,220,144,214,203
SUD,ZOETELE,Mfouladja,5038,157,148,161,1116,687,138,539,339,222,330,312
SUD,ZOETELE,Ndele,3976,124,117,127,881,542,109,426,267,175,261,246
SUD,ZOETELE,Nden,5155,161,151,165,1142,703,141,552,346,227,338,319
SUD,ZOETELE,Nkolbang,4206,131,123,135,932,574,115,450,283,185,276,261
SUD,ZOETELE,Zoetele,13934,435,408,446,3087,1900,381,1492,936,613,913,863
SUD-OUEST,AKWAYA,Akwa,7627,242,225,248,2057,1034,208,809,397,380,373,369
SUD-OUEST,AKWAYA,Akwaya,24633,783,726,802,6643,3338,672,2612,1282,1227,1206,1193
SUD-OUEST,AKWAYA,Amassi,5663,180,167,184,1527,767,154,601,295,282,277,274
SUD-OUEST,AKWAYA,Bagundu,23933,761,705,779,6454,3243,653,2538,1245,1193,1172,1159
SUD-OUEST,BAKASSI,Idabato,22313,709,657,726,6017,3024,608,2366,1161,1112,1092,1081
SUD-OUEST,BAKASSI,Isangele,4405,140,130,143,1188,597,120,467,229,220,216,213
SUD-OUEST,BAKASSI,Kombo Abedimo,4225,134,124,137,1139,572,115,448,220,210,207,205
SUD-OUEST,BAKASSI,Kombo Itindi,6447,205,190,210,1739,874,176,684,335,321,316,312
SUD-OUEST,BANGEM,Bangem,7029,223,207,229,1895,952,192,745,366,350,344,340
SUD-OUEST,BANGEM,Ebamut,2129,68,63,69,574,288,58,226,111,106,104,103
SUD-OUEST,BANGEM,Ekajoh Bajoh,3579,114,105,116,965,485,98,380,186,178,175,173
SUD-OUEST,BANGEM,Muabi,3340,106,98,109,901,453,91,354,174,166,164,162
SUD-OUEST,BANGEM,Muambong,8393,267,247,273,2263,1137,229,890,437,418,411,406
SUD-OUEST,BANGEM,Nkack,2592,82,76,84,699,351,71,275,135,129,127,126
SUD-OUEST,BUEA,Bokwaongo,13886,441,409,452,3745,1882,379,1473,722,692,680,673
SUD-OUEST,BUEA,Bova,5865,186,173,191,1582,795,160,622,305,292,287,284
SUD-OUEST,BUEA,Buea Road,53820,1710,1585,1752,14513,7293,1468,5708,2800,2682,2635,2607
SUD-OUEST,BUEA,Buea Town,16219,515,478,528,4374,2198,442,1720,844,808,794,786
SUD-OUEST,BUEA,Molyko,21863,695,644,712,5896,2963,596,2319,1137,1089,1070,1059
SUD-OUEST,BUEA,Muea,65295,2075,1923,2125,17608,8848,1781,6925,3397,3254,3196,3162
SUD-OUEST,BUEA,Tole,11344,361,334,369,3059,1537,309,1203,590,565,555,549
SUD-OUEST,EKONDO_TITI,Bafaka,2493,79,73,81,672,338,68,264,130,124,122,121
SUD-OUEST,EKONDO_TITI,Bamusso,5941,189,175,193,1602,805,162,630,309,296,291,288
SUD-OUEST,EKONDO_TITI,Bekora,11475,365,338,373,3094,1555,313,1217,597,572,562,556
SUD-OUEST,EKONDO_TITI,Bekumu,4537,144,134,148,1224,615,124,481,236,226,222,220
SUD-OUEST,EKONDO_TITI,Bisoro,3945,125,116,128,1064,535,108,418,205,197,193,191
SUD-OUEST,EKONDO_TITI,Ekondo Titi,18659,593,550,607,5032,2528,509,1979,971,930,913,904
SUD-OUEST,EKONDO_TITI,Illor,1719,55,51,56,463,233,47,182,89,86,84,83
SUD-OUEST,EKONDO_TITI,Kumbe Balue,3153,100,93,103,850,427,86,334,164,157,154,153
SUD-OUEST,EKONDO_TITI,Lobe,9109,289,268,296,2456,1234,248,966,474,454,446,441
SUD-OUEST,EYUMOJOCK,Afap,9581,304,282,312,2584,1298,261,1016,498,477,469,464
SUD-OUEST,EYUMOJOCK,Ekok (Eyumodjock),9387,298,276,305,2531,1272,256,996,488,468,460,455
SUD-OUEST,EYUMOJOCK,Eyumojock,17661,561,520,575,4762,2393,482,1873,919,880,865,855
SUD-OUEST,EYUMOJOCK,Kembong,5549,176,163,181,1496,752,151,588,289,276,272,269
SUD-OUEST,EYUMOJOCK,Ogurang,3002,95,88,98,809,407,82,318,156,150,147,145
SUD-OUEST,FONTEM,Azi,24194,769,713,787,6524,3278,660,2566,1259,1206,1184,1172
SUD-OUEST,FONTEM,Essoh Attah,8117,258,239,264,2189,1100,221,861,422,404,397,393
SUD-OUEST,FONTEM,Fojumetaw,24733,786,728,805,6670,3352,674,2623,1287,1232,1211,1198
SUD-OUEST,FONTEM,Fotabong,26310,836,775,856,7095,3565,717,2790,1369,1311,1288,1274
SUD-OUEST,FONTEM,Mbetta,10419,331,307,339,2810,1412,284,1105,542,519,510,505
SUD-OUEST,FONTEM,Menji,21856,695,644,711,5894,2962,596,2318,1137,1089,1070,1059
SUD-OUEST,FONTEM,Njungo,11434,363,337,372,3083,1549,312,1213,595,570,560,554
SUD-OUEST,FONTEM,Takwai,6128,195,180,199,1652,830,167,650,319,305,300,297
SUD-OUEST,KONYE,Ibemi,12876,409,379,419,3472,1745,351,1366,670,642,630,624
SUD-OUEST,KONYE,Ikiliwindi,34188,1087,1007,1113,9219,4633,932,3626,1779,1704,1674,1656
SUD-OUEST,KONYE,Konye,26201,833,772,853,7065,3550,714,2779,1363,1306,1283,1269
SUD-OUEST,KONYE,Kurume,9497,302,280,309,2561,1287,259,1007,494,473,465,460
SUD-OUEST,KONYE,Matoh Butu,21117,671,622,687,5695,2862,576,2240,1099,1052,1034,1023
SUD-OUEST,KONYE,Mbakwa Supe,11389,362,335,371,3071,1543,311,1208,593,568,558,552
SUD-OUEST,KONYE,Nyandong,15116,480,445,492,4076,2048,412,1603,786,753,740,732
SUD-OUEST,KONYE,Wone,10895,346,321,355,2938,1476,297,1155,567,543,533,528
SUD-OUEST,KUMBA SUD,Banga Bakundu,28713,913,846,934,7743,3891,783,3045,1494,1431,1406,1391
SUD-OUEST,KUMBA SUD,Ekombe Bonji,29038,923,855,945,7831,3935,792,3080,1511,1447,1421,1406
SUD-OUEST,KUMBA SUD,Fiango,62346,1981,1836,2029,16812,8448,1700,6612,3244,3107,3052,3020
SUD-OUEST,KUMBA SUD,Kumba Mbeng,77246,2455,2275,2514,20830,10467,2106,8192,4019,3849,3781,3741
SUD-OUEST,KUMBA SUD,Kumba Station,12499,397,368,407,3370,1694,341,1326,650,623,612,605
SUD-OUEST,KUMBA SUD,Mukonje,9819,312,289,320,2648,1331,268,1041,511,489,481,476
SUD-OUEST,KUMBA SUD,Ntam,50237,1597,1480,1635,13547,6807,1370,5328,2614,2503,2459,2433
SUD-OUEST,KUMBA NORD,Big Bekondo,14038,446,413,457,3786,1902,383,1489,730,700,687,680
SUD-OUEST,KUMBA NORD,Big Ngbandi,12283,390,362,400,3312,1664,335,1303,639,612,601,595
SUD-OUEST,KUMBA NORD,Dikome Balue,20025,636,590,652,5400,2714,546,2124,1042,998,980,970
SUD-OUEST,KUMBA NORD,Kumba Pulletin,15604,496,460,508,4208,2115,426,1655,812,778,764,756
SUD-OUEST,KUMBA NORD,Kumba Town,70319,2235,2071,2288,18963,9529,1918,7458,3658,3504,3442,3406
SUD-OUEST,KUMBA NORD,Massaka,5062,161,149,165,1365,686,138,537,263,252,248,245
SUD-OUEST,LIMBE,Batoke,20089,638,592,654,5417,2722,548,2131,1045,1001,983,973
SUD-OUEST,LIMBE,Bojongo (Limbe),40824,1297,1202,1329,11009,5532,1113,4330,2124,2034,1998,1977
SUD-OUEST,LIMBE,Bota,12198,388,359,397,3289,1653,333,1294,635,608,597,591
SUD-OUEST,LIMBE,Idenau,7538,240,222,245,2033,1021,206,799,392,376,369,365
SUD-OUEST,LIMBE,Mabeta,27463,873,809,894,7406,3721,749,2913,1429,1368,1344,1330
SUD-OUEST,LIMBE,Moliwe,67673,2151,1993,2202,18249,9170,1845,7177,3521,3372,3313,3278
SUD-OUEST,LIMBE,Sea Port,29540,939,870,961,7966,4003,806,3133,1537,1472,1446,1431
SUD-OUEST,LIMBE,Zone 2,10086,321,297,328,2720,1367,275,1070,525,503,494,488
SUD-OUEST,MAMFE,Bachuo Akagbe,12294,391,362,400,3315,1666,335,1304,640,613,602,595
SUD-OUEST,MAMFE,Kajifu,13916,442,410,453,3753,1886,379,1476,724,693,681,674
SUD-OUEST,MAMFE,Kendem,13290,422,391,433,3584,1801,362,1409,691,662,651,644
SUD-OUEST,MAMFE,Mamfe,42751,1359,1259,1391,11529,5793,1166,4534,2224,2130,2093,2071
SUD-OUEST,MAMFE,Tali,6757,215,199,220,1822,916,184,717,352,337,331,327
SUD-OUEST,MBONGE,Boa Balondo,8791,279,259,286,2371,1191,240,932,457,438,430,426
SUD-OUEST,MBONGE,Bokosso,9820,312,289,320,2648,1331,268,1042,511,489,481,476
SUD-OUEST,MBONGE,Kombone,38410,1221,1131,1250,10358,5205,1047,4074,1998,1914,1880,1860
SUD-OUEST,MBONGE,Kotto Barombi (Mbonge),15509,493,457,505,4182,2102,423,1645,807,773,759,751
SUD-OUEST,MBONGE,Mbonge (Mbonge),25469,809,750,829,6868,3451,695,2701,1325,1269,1247,1234
SUD-OUEST,MUNDEMBA,Lipenja,5195,165,153,169,1401,704,142,551,270,259,254,252
SUD-OUEST,MUNDEMBA,Madie Ngollo,1965,62,58,64,530,266,54,208,102,98,96,95
SUD-OUEST,MUNDEMBA,Mundemba,11888,378,350,387,3206,1611,324,1261,618,592,582,576
SUD-OUEST,MUNDEMBA,Pamol,4219,134,124,137,1138,572,115,447,220,210,207,204
SUD-OUEST,MUYUKA,Bafia,33254,1057,979,1082,8967,4506,907,3527,1730,1657,1628,1611
SUD-OUEST,MUYUKA,Ekona,22975,730,677,748,6195,3113,627,2437,1195,1145,1125,1113
SUD-OUEST,MUYUKA,Malende,18901,601,557,615,5097,2561,515,2005,983,942,925,915
SUD-OUEST,MUYUKA,Meanja,8232,262,242,268,2220,1116,224,873,428,410,403,399
SUD-OUEST,MUYUKA,Muyuka (Muyuka),39787,1264,1172,1295,10729,5391,1085,4220,2070,1982,1948,1927
SUD-OUEST,NGUTI,Ayong,4050,129,119,132,1092,549,110,430,211,202,198,196
SUD-OUEST,NGUTI,Bakogo,4747,151,140,154,1280,643,129,503,247,237,232,230
SUD-OUEST,NGUTI,Elumba Mbo,5860,186,173,191,1580,794,160,622,305,292,287,284
SUD-OUEST,NGUTI,Eyang Atem Ako,6428,204,189,209,1733,871,175,682,334,320,315,311
SUD-OUEST,NGUTI,Manyemen,7522,239,222,245,2029,1019,205,798,391,375,368,364
SUD-OUEST,NGUTI,Nguti 1,3452,110,102,112,931,468,94,366,180,172,169,167
SUD-OUEST,NGUTI,Nguti 2,3473,110,102,113,937,471,95,368,181,173,170,168
SUD-OUEST,NGUTI,Ntale,5183,165,153,169,1398,702,141,550,270,258,254,251
SUD-OUEST,TIKO,Holforth,41275,1312,1216,1343,11130,5593,1126,4377,2147,2057,2020,1999
SUD-OUEST,TIKO,Kange,5131,163,151,167,1384,695,140,544,267,256,251,248
SUD-OUEST,TIKO,Likomba,13005,413,383,423,3507,1762,355,1379,677,648,637,630
SUD-OUEST,TIKO,Missellele,6908,220,203,225,1863,936,188,733,359,344,338,335
SUD-OUEST,TIKO,Mondoni,3659,116,108,119,987,496,100,388,190,182,179,177
SUD-OUEST,TIKO,Mudeka,11307,359,333,368,3049,1532,308,1199,588,563,554,548
SUD-OUEST,TIKO,Mutengene,59105,1878,1741,1923,15938,8009,1612,6268,3075,2945,2893,2863
SUD-OUEST,TIKO,Tiko Town,23894,759,704,778,6443,3238,652,2534,1243,1191,1170,1157
SUD-OUEST,TOMBEL,Baseng,5176,164,152,168,1396,701,141,549,269,258,253,251
SUD-OUEST,TOMBEL,Ebonji,16548,526,487,539,4462,2242,451,1755,861,825,810,801
SUD-OUEST,TOMBEL,Edibenjock,11505,366,339,374,3102,1559,314,1220,599,573,563,557
SUD-OUEST,TOMBEL,Ndibenjock,7138,227,210,232,1925,967,195,757,371,356,349,346
SUD-OUEST,TOMBEL,Ndom,6616,210,195,215,1784,897,180,702,344,330,324,320
SUD-OUEST,TOMBEL,Nyassosso,8775,279,258,286,2366,1189,239,931,457,437,430,425
SUD-OUEST,TOMBEL,Tombel Town,29938,951,882,974,8073,4057,816,3175,1558,1492,1466,1450
SUD-OUEST,WABANE,Bamumbu,16813,534,495,547,4534,2278,458,1783,875,838,823,814
SUD-OUEST,WABANE,Bechati,20056,637,591,653,5408,2718,547,2127,1043,999,982,971
SUD-OUEST,WABANE,Fotang (Wabane),11801,375,348,384,3182,1599,322,1252,614,588,578,572
